item_id,truck_type,year,make,model,category,sale_price_usd_including_buyer_premium,winning_bid_usd,buyer_premium_rate,sale_date_utc,bid_count,city,state,vin,mileage,engine_hours,engine,displacement,fuel_type,transmission,axles,suspension,brakes,gvwr,wheelbase,full_description,downloaded_image_count,available_image_count,image_paths,source,source_url
FB5018,box_truck,2002,GMC,W4500,Box Truck,10780.0,9800.0,0.1,2026-09-09,54,Collinsville,OK,4KDC4B1R02J803085,24234,,,5.7L,Gas,,Single,Spring,Hydraulic,"14,050 lbs",,"2002 GMC W4500 box truck
- Miles: 24,234 on odometer
- VIN: 4KDC4B1R02J803085
Engine- Displacement: 5.7L
- Cylinders: 8
- Fuel type: Gas
Transmission- Automatic
Chassis- Axles: Single
- Suspension: Spring
- Brakes: Hydraulic
- GVWR: 14,050 lbs
Interior- AC, Heat
Features- Bed- Box bed
- Mickey Truck Bodies VB14085
- Serial: 7609V02
- Length: 14' 6""
- Width: 96""
- Height: 91""
- E-track rail system
- Floor: Wood
- End gate lift
- Anthony Lift Gates

Tires- Size: 225/70R19.5
Oklahoma title
Title distribution may be delayed up to 30 days from verification of funds.",6,71,images/FB5018/FB5018.JPG|images/FB5018/FB5018N.JPG|images/FB5018/FB5018ZB.JPG|images/FB5018/FB5018ZP.JPG|images/FB5018/FB5018ZZD.JPG|images/FB5018/FB5018ZZR.JPG,Purple Wave,https://www.purplewave.com/auction/260909/item/FB5018
FK3570,box_truck,2009,Ford,E350,Box Truck,1485.0,1350.0,0.1,2026-09-09,9,Dodge center,MN,1FDWE35L09DA88369,225348,,Jump start required during on-site data collection,5.4L,Gas,,Single,Spring,Hydraulic,"12,500 lbs",,"2009 Ford E350 box truck
- Miles: 225,348 on odometer
- VIN: 1FDWE35L09DA88369
Engine- Displacement: 5.4L
- Cylinders: 8
- Fuel type: Gas
- HP: 255
Transmission- Automatic
Chassis- Axles: Single
- Suspension: Spring
- Brakes: Hydraulic
- GVWR: 12,500 lbs
Interior- AC, Heat
Features- Bed- Box bed
- Utilimaster
- Length: 15' 2""
- Width: 88""
- Height: 6' 11""
- Floor: Wood

Tires- Size: 225/75R16
Notes- Dash warning indicator: Check engine
- Jump start required during on-site data collection
- Rear drivers side tire damaged
Minnesota title
Title distribution may be delayed up to 30 days from verification of funds.",6,77,images/FK3570/FK3570.JPG|images/FK3570/FK3570O.JPG|images/FK3570/FK3570ZD.JPG|images/FK3570/FK3570ZT.JPG|images/FK3570/FK3570ZZI.JPG|images/FK3570/FK3570ZZX.JPG,Purple Wave,https://www.purplewave.com/auction/260909/item/FK3570
FB5009,box_truck,2002,Chevrolet,C6500,Box Truck,6160.0,5600.0,0.1,2026-09-09,35,Collinsville,OK,1GBJ7H1C52J503046,387540,,,7.2L,Diesel,,Single,Spring,Hydraulic,"25,920 lbs",,"2002 Chevrolet C6500 box truck
- Miles: 387,540 on odometer
- VIN: 1GBJ7H1C52J503046
Engine- Caterpillar 3126
- Serial: CKM28230
- Displacement: 7.2L
- Cylinders: 6
- Fuel type: Diesel
Transmission- Automatic
Chassis- Axles: Single
- Suspension: Spring
- Brakes: Hydraulic
- GVWR: 25,920 lbs
Interior- AC, Heat
Features- Bed- Box bed
- Supreme Corp
- Length: 18' 4""
- Width: 96""
- Height: 96""
- E-track rail system
- Floor: Wood
- End gate lift
- Maxon

Tires- Size: 11R22.5
Oklahoma classic title
Title distribution may be delayed up to 30 days from verification of funds.",6,62,images/FB5009/FB5009.JPG|images/FB5009/FB5009L.JPG|images/FB5009/FB5009X.JPG|images/FB5009/FB5009ZK.JPG|images/FB5009/FB5009ZW.JPG|images/FB5009/FB5009ZZI.JPG,Purple Wave,https://www.purplewave.com/auction/260909/item/FB5009
EU0763,box_truck,2014,Chevrolet,Express,Box Truck,7590.0,6900.0,0.1,2026-09-09,27,Hempstead,TX,1GB3G2BG5E1174926,25218,,,6.0L,Gas,,Single,Spring,Hydraulic,"12,300 lbs",,"2014 Chevrolet Express box truck
- Miles: 25,218 on odometer
- VIN: 1GB3G2BG5E1174926
Engine- Displacement: 6.0L
- Cylinders: 8
- Fuel type: Gas
Transmission- Automatic
Chassis- Axles: Single
- Suspension: Spring
- Brakes: Hydraulic
- GVWR: 12,300 lbs
Interior- AC, Heat
- Cruise control
Features- Bed- Box bed
- Spartan 075731
- Length: 12' 9""
- Width: 8'
- Height: 7' 8""
- Floor: Wood

Tires- Size: 225/75R16
Buyer responsible for all aspects of removal
Texas title
Seller is a Texas licensed motor vehicle dealer. The buyer may be required to pay sales tax and/or registration fees to the dealer prior to taking possession. Buyers may be required to provide identification to the licensed dealer to comply with state laws. Title will be assigned and distributed by the dealer. Please contact the seller for distribution questions.",6,85,images/EU0763/EU0763.JPG|images/EU0763/EU0763Q.JPG|images/EU0763/EU0763ZH.JPG|images/EU0763/EU0763ZX.JPG|images/EU0763/EU0763ZZO.JPG|images/EU0763/EU0763ZZZF.JPG,Purple Wave,https://www.purplewave.com/auction/260909/item/EU0763
ER1987,box_truck,2005,Ford,E450,Box Truck,3410.0,3100.0,0.1,2026-09-09,28,Pierre,SD,1FDXE45P35HA09910,66848,6614,,6.0L,Diesel,,Single,Spring,Hydraulic,,,"2005 Ford E450 box truck
- Miles: 66,848 on odometer
- Hours: 6,614 on meter
- VIN: 1FDXE45P35HA09910
Engine- Displacement: 6.0L
- Cylinders: 8
- Fuel type: Diesel
Transmission- Automatic
Chassis- Axles: Single
- Suspension: Spring
- Brakes: Hydraulic
Interior- AC, Heat
- Cruise control
Features- Bed- Box bed
- Length: 14' 6""
- Width: 96""
- Height: 7' 3""
- E-track rail system
- Floor: Wood
- Roof AC unit
- Rear platform- Length: 90""
- Width: 96""

- Rear ramp- Length: 53""
- Width: 74""

Tires- Size: 225/75R16
Notes- Dash warning indicator: Airbag
- Possible fuel system issues
South Dakota title
Title distribution may be delayed up to 14 days from verification of funds.",6,95,images/ER1987/ER1987.JPG|images/ER1987/ER1987S.JPG|images/ER1987/ER1987ZL.JPG|images/ER1987/ER1987ZZD.JPG|images/ER1987/ER1987ZZW.JPG|images/ER1987/ER1987ZZZP.JPG,Purple Wave,https://www.purplewave.com/auction/260909/item/ER1987
FI0341,box_truck,2015,Freightliner,Business Class M2,Box Truck,4730.0,4300.0,0.1,2026-09-09,34,Tulsa,OK,3ALACWDT7FDGH9321,357869,,,6.7L,Diesel,,Single,Air,Air,"26,000 lbs",,"2015 Freightliner Business Class M2 box truck
- Miles: 357,869 on odometer
- VIN: 3ALACWDT7FDGH9321
Engine- Cummins ISB
- Serial: 58406578
- Displacement: 6.7L
- Cylinders: 6
- Fuel type: Diesel
Transmission- Automatic
Chassis- Axles: Single
- Suspension: Air
- Brakes: Air
- GVWR: 26,000 lbs
Interior- AC, Heat
- Heated mirrors
- Cruise control
Features- Bed- Box bed
- Morgan GVSR10326102FT
- Serial: MTX44937-001
- Length: 26' 6""
- Width: 102""
- Height: 107""
- E-track rail system
- Floor: Wood
- End gate lift
- Maxon
- Capacity: 2,500 lbs

Tires- Size: 295/75R22.5
Notes- Windshield chipped or cracked
- Engine issues, turbo may need replaced
- Unit must be towed or hauled
Oklahoma title
Title distribution may be delayed up to 14 days from verification of funds.",6,78,images/FI0341/FI0341.JPG|images/FI0341/FI0341O.JPG|images/FI0341/FI0341ZE.JPG|images/FI0341/FI0341ZT.JPG|images/FI0341/FI0341ZZJ.JPG|images/FI0341/FI0341ZZY.JPG,Purple Wave,https://www.purplewave.com/auction/260909/item/FI0341
FB4989,box_truck,2007,Chevrolet,C7000,Box Truck,4400.0,4000.0,0.1,2026-09-09,20,Collinsville,OK,1GBJ7C1C47F402822,73136,,,7.2L,Diesel,,Single,Spring,Hydraulic,,,"2007 Chevrolet C7000 box truck
- Miles: 73,136 on odometer
- VIN: 1GBJ7C1C47F402822
Engine- Caterpillar C7
- Serial: WAX50616
- Displacement: 7.2L
- Cylinders: 6
- Fuel type: Diesel
Transmission- Automatic
Chassis- Axles: Single
- Suspension: Spring
- Brakes: Hydraulic
Interior- AC, Heat
- Heated mirrors
- Cruise control
Features- Bed- Box bed
- Supreme Corp
- Serial: VX20078102 80920108
- Length: 20' 7""
- Width: 103""
- Height: 108""
- Floor: Aluminum

Tires- Size: 11R22.5
Oklahoma title
Title distribution may be delayed up to 30 days from verification of funds.",6,82,images/FB4989/FB4989.JPG|images/FB4989/FB4989P.JPG|images/FB4989/FB4989ZF.JPG|images/FB4989/FB4989ZW.JPG|images/FB4989/FB4989ZZM.JPG|images/FB4989/FB4989ZZZC.JPG,Purple Wave,https://www.purplewave.com/auction/260909/item/FB4989
YA3648,box_truck,2018,Hino,,Box Truck,9790.0,8900.0,0.1,2026-09-03,36,Arcadia,FL,5PVNJ8JV0J4S69606,416277,,Windshield chipped or cracked,7.6L,Diesel,,Single,Spring,Air,"25,950 lbs",,"2018 Hino box truck
- Miles: 416,277 on odometer
- VIN: 5PVNJ8JV0J4S69606
- Unit #: 54642546
Engine- Hino Motors
- Displacement: 7.6L
- Cylinders: 6
- Fuel type: Diesel
Transmission- Automatic
Chassis- Axles: Single
- Suspension: Spring
- Brakes: Air
- GVWR: 25,950 lbs
Interior- AC, Heat
- Power windows
- Cruise control
Features- Bed- Box bed
- Smyrna BFV2601020102
- Serial: 029510
- Length: 26'
- Width: 102""
- Height: 102""
- E-track rail system
- Floor: Wood
- End gate lift
- Maxon GPTLR
- Capacity: 2,500 lbs

Tires- Front: 11R22.5
- Front: 295/75R22.5
- Rear: 11R22.5
- Rear: 295/75R22.5
Notes- Dash warning indicator: Check engine
- Windshield chipped or cracked
- Jump start required during on-site data collection
Repossessed item, stored at a Copart facility 
Please review REQUIRED REMOVAL INSTRUCTIONS
Lender owned. Item condition and history are unknown. No additional information is available.
Titles will be distributed after confirmation of payment and removal.
Florida title
Title distribution may be delayed up to 30 days from verification of funds.",6,69,images/YA3648/YA3648.JPG|images/YA3648/YA3648N.JPG|images/YA3648/YA3648ZA.JPG|images/YA3648/YA3648ZO.JPG|images/YA3648/YA3648ZZB.JPG|images/YA3648/YA3648ZZP.JPG,Purple Wave,https://www.purplewave.com/auction/260903/item/YA3648
YA2617,box_truck,2019,International,MA025,Box Truck,10780.0,9800.0,0.1,2026-09-03,40,Nampa,ID,1HTMMMMN2KH444880,277227,8612,Jump start required during on-site data collection,6.7L,Diesel,,Single,,Air,"33,000 lbs","272""","2019 International MA025 box truck
- Miles: 277,227 on odometer
- Hours: 8,612 on meter
- VIN: 1HTMMMMN2KH444880
- Unit #: YA2617
Engine- Cummins B6.7
- Displacement: 6.7L
- Cylinders: 6
- Fuel type: Diesel
Transmission- Eaton Fuller
- Automatic
Chassis- Axles: Single
- Brakes: Air
- GVWR: 33,000 lbs
- Wheelbase: 272""
Interior- AC, Heat
- Backup camera
Features- Bed- Box bed
- Morgan GVSD10326102
- Serial: PM46099-002
- Length: 26'
- Width: 102""
- Height: 102""
- E-track rail system
- Floor: Wood
- Maxon

Tires- Size: 11R22.5
Notes- DPF Disconnected
- Dash warning indicator: Check engine
- Jump start required during on-site data collection
- Emissions system modified
Repossessed item, stored at a secured facility 
Please review REQUIRED REMOVAL INSTRUCTIONS
Lender owned. Item condition and history are unknown. No additional information is available.
Titles will be distributed after confirmation of payment and removal.
Ohio title
Title distribution may be delayed up to 30 days from verification of funds.",6,70,images/YA2617/YA2617.JPG|images/YA2617/YA2617N.JPG|images/YA2617/YA2617ZB.JPG|images/YA2617/YA2617ZO.JPG|images/YA2617/YA2617ZZC.JPG|images/YA2617/YA2617ZZQ.JPG,Purple Wave,https://www.purplewave.com/auction/260903/item/YA2617
YA2755,box_truck,2019,International,4300,Box Truck,3300.0,3000.0,0.1,2026-09-03,21,Brookhaven,NY,1HTMMMML9KH558115,416944,10839,Non-operational unit- Unit must be towed or hauled,6.7L,Diesel,,Single,Air,Air,"25,999 lbs","266""","2019 International 4300 box truck
- Miles: 416,944 on odometer
- Hours: 10,839 on meter
- VIN: 1HTMMMML9KH558115
- Unit #: 41882576
Engine- Cummins B 6.7
- Displacement: 6.7L
- Cylinders: 6
- Fuel type: Diesel
Transmission- Eaton Fuller
- Automatic
Chassis- Axles: Single
- Suspension: Air
- Brakes: Air
- GVWR: 25,999 lbs
- Wheelbase: 266""
Interior- AC, Heat
- Power windows, Power locks
- Cruise control
Features- Bed- Box bed
- Hercules
- Serial: 25537582V
- Length: 26'
- Width: 102""
- Height: 102""
- E-track rail system
- Floor: Wood
- End gate lift
- Anthony
- Capacity: 3,000 lbs

Tires- Size: 295/75R22.5
Notes- Non-operational engine
- Non-operational unit- Unit must be towed or hauled

Repossessed item, stored at a secured facility 
Please review REQUIRED REMOVAL INSTRUCTIONS
Lender owned. Item condition and history are unknown. No additional information is available.
Titles will be distributed after confirmation of payment and removal.
Indiana title
Title distribution may be delayed up to 30 days from verification of funds.",6,55,images/YA2755/YA2755.JPG|images/YA2755/YA2755K.JPG|images/YA2755/YA2755V.JPG|images/YA2755/YA2755ZF.JPG|images/YA2755/YA2755ZQ.JPG|images/YA2755/YA2755ZZB.JPG,Purple Wave,https://www.purplewave.com/auction/260903/item/YA2755
YA4063,box_truck,2020,International,MV607,Box Truck,18700.0,17000.0,0.1,2026-09-03,54,Fresno,CA,3HAEUMML7LL846618,325834,,,6.7L,Diesel,,Single,Air,Air,"25,999 lbs",,"2020 International MV607 box truck
- Miles: 325,834 on odometer
- VIN: 3HAEUMML7LL846618
- Unit #: 59632736
Engine- Cummins B6.7
- Displacement: 6.7L
- Cylinders: 8
- Fuel type: Diesel
Transmission- Automatic
Chassis- Axles: Single
- Suspension: Air
- Brakes: Air
- GVWR: 25,999 lbs
Interior- AC, Heat
- Heated mirrors
- Power windows, Power locks
- Cruise control
Features- Bed- Box bed
- Morgan SVSD10326702
- Serial: MORO4945-001
- Length: 26'
- Width: 8' 1""
- Height: 8' 7""
- E-track rail system
- Floor: Wood
- End gate lift
- Maxon BMRW
- Capacity: 4,000 lbs

Tires- Size: 295/75R22.5
Repossessed item, stored at a secured facility 
Please review REQUIRED REMOVAL INSTRUCTIONS
Lender owned. Item condition and history are unknown. No additional information is available.
Titles will be distributed after confirmation of payment and removal.
Buyer responsible for all aspects of state emissions compliance
California title
Title distribution may be delayed up to 14 days from verification of funds.",6,91,images/YA4063/YA4063.JPG|images/YA4063/YA4063R.JPG|images/YA4063/YA4063ZJ.JPG|images/YA4063/YA4063ZZB.JPG|images/YA4063/YA4063ZZT.JPG|images/YA4063/YA4063ZZZL.JPG,Purple Wave,https://www.purplewave.com/auction/260903/item/YA4063
YA4505,box_truck,2021,Kenworth,T3 Series,Box Truck,13750.0,12500.0,0.1,2026-09-03,45,Cudahy,WI,2NKHHM6X3MM418406,247364,6043,,6.7L,Diesel,,Single,Air,Air,"26,000 lbs",,"2021 Kenworth T3 Series box truck
- Miles: 247,364 on odometer
- Hours: 6,043 on meter
- VIN: 2NKHHM6X3MM418406
- Unit #: 58921056
Engine- Paccar B6.7 280
- Displacement: 6.7L
- Cylinders: 6
- Fuel type: Diesel
- HP: 280
Transmission- Allison 2500RDS
- Automatic
Chassis- Axles: Single
- Suspension: Air
- Brakes: Air
- GVWR: 26,000 lbs
Interior- AC, Heat
- Power windows, Power locks
- Cruise control
- Backup camera
Features- Bed- Box bed
- Marion
- Serial: 43234-39SH
- Length: 24' 6""
- Width: 8'
- Height: 8' 7""
- Slider ramp

Tires- Size: 295/75R22.5
Notes- Collision damage
- Jump start required during on-site data collection
- Air leak
- Rear door issues
Buyer responsible for all aspects of loadout and removal
Insurance salvage, stored at a Copart facility 
Please review REQUIRED REMOVAL INSTRUCTIONS
Transfer of ownership documentation will be a Junked Vehicle Bill of Sale Wisconsin form MV2459. This form is the only documentation that will be provided. Bidders are responsible for verifying if this is sufficient to obtain a title in their own jurisdiction prior to bidding.
Ownership documentation will be distributed after confirmation of payment and removal.
Ownership documentation may be delayed up to 30 days from verification of funds.",6,91,images/YA4505/YA4505.JPG|images/YA4505/YA4505R.JPG|images/YA4505/YA4505ZJ.JPG|images/YA4505/YA4505ZZB.JPG|images/YA4505/YA4505ZZT.JPG|images/YA4505/YA4505ZZZL.JPG,Purple Wave,https://www.purplewave.com/auction/260903/item/YA4505
YA1810,box_truck,2017,Freightliner,Business Class M2,Box Truck,11550.0,10500.0,0.1,2026-09-03,58,Bridgeton,MO,3ALACXDT4HDJF8580,344482,9564,Windshield chipped or cracked,6.7L,Diesel,,Single,Air,Air,"33,000 lbs",,"2017 Freightliner Business Class M2 box truck
- Miles: 344,482 on odometer
- Hours: 9,564 on meter
- VIN: 3ALACXDT4HDJF8580
- Unit #: 97590505
Engine- Cummins
- Displacement: 6.7L
- Cylinders: 6
- Fuel type: Diesel
Transmission- Automatic
Chassis- Axles: Single
- Suspension: Air
- Brakes: Air
- GVWR: 33,000 lbs
Interior- AC, Heat
- Heated mirrors
- Power windows, Power locks
- Cruise control
Features- Bed- Box bed
- Morgan MWI63404-005
- Serial: GVSD09726102
- Length: 26' 6""
- Width: 102""
- Height: 103""
- E-track rail system
- Floor: Wood
- End gate lift
- Waltco HLF30
- Capacity: 3,000 lbs

Tires- Size: 295/75R22.5
Notes- Dash warning indicator: Check engine
- Windshield chipped or cracked
- Dead battery
Repossessed item, stored at a secured facility 
Please review REQUIRED REMOVAL INSTRUCTIONS
Titles will be distributed after confirmation of payment and removal.
Indiana title
Title distribution may be delayed up to 30 days from verification of funds.",6,98,images/YA1810/YA1810.JPG|images/YA1810/YA1810S.JPG|images/YA1810/YA1810ZM.JPG|images/YA1810/YA1810ZZF.JPG|images/YA1810/YA1810ZZZ.JPG|images/YA1810/YA1810ZZZS.JPG,Purple Wave,https://www.purplewave.com/auction/260903/item/YA1810
EA7225,box_truck,2019,Isuzu,NPR,Box Truck,10780.0,9800.0,0.1,2026-09-03,41,Houston,TX,54DC4W1B6KS809784,173225,,,6.0L,Gas,,Single,Spring,Hydraulic,"14,500 lbs",,"2019 Isuzu NPR box truck
- Miles: 173,225 on odometer
- VIN: 54DC4W1B6KS809784
Engine- GM
- Displacement: 6.0L
- Cylinders: 8
- Fuel type: Gas
Transmission- Automatic
Chassis- Axles: Single
- Suspension: Spring
- Brakes: Hydraulic
- GVWR: 14,500 lbs
Interior- AC, Heat
- Power windows, Power locks
Features- Bed- Box bed
- Length: 20'
- Width: 8'
- Height: 6' 5""
- E-track rail system
- Floor: Wood
- End gate lift

Tires- Size: 225/70R19.5
Texas title
Title distribution may be delayed up to 30 days from verification of funds.",6,63,images/EA7225/EA7225.JPG|images/EA7225/EA7225L.JPG|images/EA7225/EA7225Y.JPG|images/EA7225/EA7225ZK.JPG|images/EA7225/EA7225ZX.JPG|images/EA7225/EA7225ZZJ.JPG,Purple Wave,https://www.purplewave.com/auction/260903/item/EA7225
EA7224,box_truck,2019,Isuzu,NPR,Box Truck,10780.0,9800.0,0.1,2026-09-03,34,Houston,TX,54DC4W1BXKS810310,227342,,,6.0L,Gas,,Single,Spring,Hydraulic,"14,500 lbs",,"2019 Isuzu NPR box truck
- Miles: 227,342 on odometer
- VIN: 54DC4W1BXKS810310
Engine- GM
- Displacement: 6.0L
- Cylinders: 8
- Fuel type: Gas
Transmission- Automatic
Chassis- Axles: Single
- Suspension: Spring
- Brakes: Hydraulic
- GVWR: 14,500 lbs
Interior- AC, Heat
- Power windows, Power locks
Features- Bed- Box bed
- Length: 20'
- Width: 80'
- Height: 6' 7""
- E-track rail system
- Floor: Wood
- End gate lift
- Palfinger

Tires- Size: 225/70R19.5
Texas title
Title distribution may be delayed up to 30 days from verification of funds.",6,66,images/EA7224/EA7224.JPG|images/EA7224/EA7224M.JPG|images/EA7224/EA7224Z.JPG|images/EA7224/EA7224ZM.JPG|images/EA7224/EA7224ZZ.JPG|images/EA7224/EA7224ZZM.JPG,Purple Wave,https://www.purplewave.com/auction/260903/item/EA7224
FN2019,box_truck,2021,GMC,Savana,Box Truck,17050.0,15500.0,0.1,2026-09-03,50,Birmingham,AL,7GZ37TC76MN008506,87941,,,6.6L,Gas,,Single,Spring,Hydraulic,"12,300 lbs",,"2021 GMC Savana box truck
- Miles: 87,941 on odometer
- VIN: 7GZ37TC76MN008506
Engine- Displacement: 6.6L
- Cylinders: 8
- Fuel type: Gas
Transmission- Automatic
Chassis- Axles: Single
- Suspension: Spring
- Brakes: Hydraulic
- GVWR: 12,300 lbs
Interior- AC, Heat
- Heated mirrors
- Power windows, Power locks
- Cruise control
- Backup camera
Features- Bed- Box bed
- Supreme FLEET16
- Serial: L0402952
- Length: 16' 11""
- Width: 8'
- Height: 8'
- Floor: Wood
- Slider ramp 24""

Tires- Size: 225/75R16
Notes- Windshield chipped or cracked
Alabama title
Title distribution may be delayed up to 14 days from verification of funds.",6,69,images/FN2019/FN2019.JPG|images/FN2019/FN2019N.JPG|images/FN2019/FN2019ZA.JPG|images/FN2019/FN2019ZO.JPG|images/FN2019/FN2019ZZB.JPG|images/FN2019/FN2019ZZP.JPG,Purple Wave,https://www.purplewave.com/auction/260903/item/FN2019
YA2016,box_truck,2019,Freightliner,Business Class M2,Box Truck,30250.0,27500.0,0.1,2026-09-03,17,Spartanburg,SC,3ALACWFC7KDKN1791,201232,6061,,6.7L,Diesel,,Single,Air,Air,"26,000 lbs",,"2019 Freightliner Business Class M2 box truck
- Miles: 201,232 on odometer
- Hours: 6,061 on meter
- VIN: 3ALACWFC7KDKN1791
- Unit #: 73247805
Engine- Cummins B6.7
- Serial: 22166581
- Displacement: 6.7L
- Cylinders: 6
- Fuel type: Diesel
Transmission- Allison
- Automatic
Chassis- Axles: Single
- Suspension: Air
- Brakes: Air
- GVWR: 26,000 lbs
Interior- AC, Heat
- Power windows, Power locks
- Cruise control
Features- Bed- Box bed
- Morgan GVSD10926102
- Serial: MPD050008-0020
- Length: 26'
- Width: 102""
- Height: 114""
- E-track rail system
- Floor: Wood
- Slider ramp
- End gate lift
- Maxon

Tires- Size: 295/75R22.5
Notes- Jump start required during on-site data collection
Repossessed item, stored at a secured facility 
Please review REQUIRED REMOVAL INSTRUCTIONS
Titles will be distributed after confirmation of payment and removal.
South Carolina title
Title distribution may be delayed up to 30 days from verification of funds.",6,115,images/YA2016/YA2016.JPG|images/YA2016/YA2016W.JPG|images/YA2016/YA2016ZT.JPG|images/YA2016/YA2016ZZP.JPG|images/YA2016/YA2016ZZZM.JPG|images/YA2016/YA2016ZZZZJ.JPG,Purple Wave,https://www.purplewave.com/auction/260903/item/YA2016
MZ9828,box_truck,1998,GMC,C6500,Box Truck,2365.0,2150.0,0.1,2026-09-01,18,Andover,KS,1GDJ7H1P9WJ851562,150635,,,6.0L,Gas,,Tandem,Spring,Hydraulic,"25,950 lbs",,"1998 GMC C6500 box truck
- Miles: 150,635 on odometer
- VIN: 1GDJ7H1P9WJ851562
Engine- Displacement: 6.0L
- Cylinders: 8
- Fuel type: Gas
Transmission- Allison
- Automatic
Chassis- Axles: Tandem
- Suspension: Spring
- Brakes: Hydraulic
- GVWR: 25,950 lbs
Interior- AC, Heat
Features- Bed- Box bed
- Morgan GVFD08520096
- Serial: MPE98VBEP00149-059
- Length: 21'
- Width: 96""
- Height: 7' 4""
- Floor: Wood

Tires- Size: 11R22.5
Notes- Shelving included
- Possible transmission issues
- Unknown operating condition of  AC
Kansas title
Title distribution may be delayed up to 14 days from verification of funds.",6,57,images/MZ9828/MZ9828.JPG|images/MZ9828/MZ9828K.JPG|images/MZ9828/MZ9828V.JPG|images/MZ9828/MZ9828ZH.JPG|images/MZ9828/MZ9828ZS.JPG|images/MZ9828/MZ9828ZZD.JPG,Purple Wave,https://www.purplewave.com/auction/260901/item/MZ9828
FH6147,box_truck,1989,Ford,C8000,Box Truck,4070.0,3700.0,0.1,2026-09-01,35,Manhattan,KS,9BFXH81A8KDM00192,15530,,,,Diesel,,Tandem,Spring,Air,"33,000 lbs","256""","1989 Ford C8000 broadcasting truck
- Miles: 15,530 on odometer
- VIN: 9BFXH81A8KDM00192
Engine- Ford
- Cylinders: 6
- Fuel type: Diesel
Transmission- Manual
- Speed: 5
Chassis- Axles: Tandem
- Suspension: Spring
- Brakes: Air
- GVWR: 33,000 lbs
- Wheelbase: 256""
Interior- AC, Heat
- Auxiliary controls
Features- Bed- Box bed
- Model: K30965
- Serial: VA27096102
- Length: 27' 8""
- Width: 9'
- Height: 11' 6""

- Int Communication Center for Broadcasting- Broadcasting booth
- Monitoring systems- Analog monitors and cables only

- Sonex sound absorption
- (2) AC units
Tires- Size: 11R22.5
Notes- Passenger side mirror glass missing
Kansas title
Title distribution may be delayed up to 14 days from verification of funds.",6,138,images/FH6147/FH6147.JPG|images/FH6147/FH6147ZA.JPG|images/FH6147/FH6147ZZC.JPG|images/FH6147/FH6147ZZZD.JPG|images/FH6147/FH6147ZZZZF.JPG|images/FH6147/FH6147ZZZZZG.JPG,Purple Wave,https://www.purplewave.com/auction/260901/item/FH6147
FB4967,box_truck,2006,GMC,C6500,Box Truck,6270.0,5700.0,0.1,2026-08-26,33,Collinsville,OK,1GDJ6C1366F433076,94715,,,7.8L,Diesel,,Single,Spring,Hydraulic,"25,950 lbs",,"2006 GMC C6500 sewer inspection truck
- Miles: 94,715 on odometer
- VIN: 1GDJ6C1366F433076
Engine- Displacement: 7.8L
- Cylinders: 6
- Fuel type: Diesel
Transmission- Automatic
Chassis- Axles: Single
- Suspension: Spring
- Brakes: Hydraulic
- PTO
- GVWR: 25,950 lbs
Interior- AC, Heat
- Cruise control
- Brake controller
Features- Bed- Box bed
- Supreme Corp
- Serial: IAHD16090096 70101295
- Length: 16' 8""
- Width: 97""
- Height: 91""
- Floor: Aluminum

- (4) hose reels
- (3) monitors
- Martin Diesel 155-DS generator:- Serial: 10307
- Kw: 15
- Phase: Single

- Yanmar 3TNV841 GGE- Cylinders: Three
- Fuel type: Diesel
- Displacement: 1.496L
- Serial: 32771

Tires- Size: 255/70R22.5
Oklahoma title
Title distribution may be delayed up to 30 days from verification of funds.",6,133,images/FB4967/FB4967.JPG|images/FB4967/FB4967Z.JPG|images/FB4967/FB4967ZZA.JPG|images/FB4967/FB4967ZZZA.JPG|images/FB4967/FB4967ZZZZB.JPG|images/FB4967/FB4967ZZZZZB.JPG,Purple Wave,https://www.purplewave.com/auction/260826/item/FB4967
MZ9765,box_truck,2015,Kenworth,K370,Box Truck,9460.0,8600.0,0.1,2026-08-26,40,Augusta,KS,3BKJHM6X3FF580661,165621,,,6.7L,Diesel,,Single,Spring,Air,"26,000 lbs",,"2015 Kenworth K370 box truck
- Miles: 165,621 on odometer
- VIN: 3BKJHM6X3FF580661
Engine- Paccar PX-7
- Serial: 73652735
- Displacement: 6.7L
- Cylinders: 6
- Fuel type: Diesel
Transmission- Model: 2100RDS
- Automatic
Chassis- Axles: Single
- Suspension: Spring
- Brakes: Air
- GVWR: 26,000 lbs
Interior- AC, Heat
- Heated mirrors
- Power windows
- Cruise control
- Backup camera
- Auxiliary controls
Features- Bed- Box bed
- Brown
- Length: 22' 6""
- Width: 96""
- Height: 8' 2""
- E-track rail system
- Floor: Wood
- End gate lift
- Maxon
- Capacity: 3,000 lbs

Tires- Size: 11R22.5
Notes- Dash warning indicator: ABS
- Windshield chipped or cracked
- AC may need recharged
Kansas title
Title distribution may be delayed up to 14 days from verification of funds.",6,72,images/MZ9765/MZ9765.JPG|images/MZ9765/MZ9765N.JPG|images/MZ9765/MZ9765ZB.JPG|images/MZ9765/MZ9765ZQ.JPG|images/MZ9765/MZ9765ZZE.JPG|images/MZ9765/MZ9765ZZS.JPG,Purple Wave,https://www.purplewave.com/auction/260826/item/MZ9765
FB4979,box_truck,2017,Chevrolet,Express 4500,Box Truck,9350.0,8500.0,0.1,2026-08-26,41,Collinsville,OK,1GB6GUCG2H1127591,153319,,,6.0L,Gas,,Single,Spring,Hydraulic,"14,200 lbs",,"2017 Chevrolet Express 4500 box truck
- Miles: 153,319 on odometer
- VIN: 1GB6GUCG2H1127591
Engine- Displacement: 6.0L
- Cylinders: 8
- Fuel type: Gas
Transmission- Automatic
Chassis- Axles: Single
- Suspension: Spring
- Brakes: Hydraulic
- GVWR: 14,200 lbs
Interior- AC, Heat
- Power windows, Power locks
- Cruise control
Features- Bed- Box bed
- Mickey Truck Bodies CB14085
- Serial: 5950V16
- Length: 14' 6""
- Width: 96""
- Height: 91""
- Refrigeration unit

- Composite floor
Tires- Size: LT225/75R16
Oklahoma title
Title distribution may be delayed up to 30 days from verification of funds.",6,80,images/FB4979/FB4979.JPG|images/FB4979/FB4979P.JPG|images/FB4979/FB4979ZF.JPG|images/FB4979/FB4979ZU.JPG|images/FB4979/FB4979ZZK.JPG|images/FB4979/FB4979ZZZA.JPG,Purple Wave,https://www.purplewave.com/auction/260826/item/FB4979
EG9314,box_truck,2015,Chevrolet,Express 4500,Box Truck,8800.0,8000.0,0.1,2026-08-26,32,Collinsville,OK,1GB6G5CG1F1110851,143450,,,6.0L,Gas,,Single,Spring,Hydraulic,"14,200 lbs",,"2015 Chevrolet Express 4500 box truck
- Miles: 143,450 on odometer
- VIN: 1GB6G5CG1F1110851
Engine- Displacement: 6.0L
- Cylinders: 8
- Fuel type: Gas
Transmission- Automatic
Chassis- Axles: Single
- Suspension: Spring
- Brakes: Hydraulic
- GVWR: 14,200 lbs
Interior- AC, Heat
- Power windows, Power locks
- Cruise control
Features- Bed- Box bed
- Mickey Truck Bodies CB14085
- Serial: 9599V14
- Length: 14' 6""
- Width: 96""
- Height: 7' 6""
- Refrigeration unit- High point

Tires- Size: LT225/75R16
Notes- Dash warning indicator: Airbag
Oklahoma title
Title distribution may be delayed up to 30 days from verification of funds.",6,80,images/EG9314/EG9314.JPG|images/EG9314/EG9314P.JPG|images/EG9314/EG9314ZF.JPG|images/EG9314/EG9314ZU.JPG|images/EG9314/EG9314ZZK.JPG|images/EG9314/EG9314ZZZA.JPG,Purple Wave,https://www.purplewave.com/auction/260826/item/EG9314
EW0466,box_truck,2009,Kenworth,T370,Box Truck,9240.0,8400.0,0.1,2026-08-26,47,Yukon,OK,2NKHHM7X09M255445,237307,6759,,6.7L,Diesel,,Single,Spring,Air,"33,000 lbs",,"2009 Kenworth T370 box truck
- Miles: 237,307 on odometer
- Hours: 6,759 on meter
- VIN: 2NKHHM7X09M255445
Engine- Paccar PX-6/PX-7
- Displacement: 6.7L
- Cylinders: 6
- Fuel type: Diesel
Transmission- Automatic
Chassis- Axles: Single
- Suspension: Spring
- Brakes: Air
- GVWR: 33,000 lbs
Interior- AC, Heat
- Power windows, Power locks
- Cruise control
Features- Bed- Box bed
- Morgan GVSD09724102
- Serial: MPM08VB00230001
- Length: 25' 8""
- Width: 8' 6""
- Height: 8' 7""
- E-track rail system
- Floor: Steel
- Width: 94""
- End gate lift
- Waltco 375B
- Capacity: 5,000 lbs

Tires- Size: 1R22.5
Notes- Rear door damaged
- Possible AC issues, may need charged
- Windshield chipped or cracked
Oklahoma title
Seller is an Oklahoma licensed motor vehicle dealer. Buyers may be required to provide identification to the licensed dealer to comply with state laws. Title will be assigned and distributed by the dealer. Please contact the seller for distribution questions.
Title distribution may be delayed up to 30 days from verification of funds.",6,119,images/EW0466/EW0466.JPG|images/EW0466/EW0466X.JPG|images/EW0466/EW0466ZU.JPG|images/EW0466/EW0466ZZS.JPG|images/EW0466/EW0466ZZZP.JPG|images/EW0466/EW0466ZZZZN.JPG,Purple Wave,https://www.purplewave.com/auction/260826/item/EW0466
EW0468,box_truck,2017,Ford,E-350,Box Truck,4730.0,4300.0,0.1,2026-08-26,33,Yukon,OK,1FDWE3FS6HDC04775,47001,,,6.8L,Gas,,Single,Spring,Hydraulic,"12,500 lbs",,"2017 Ford E-350 box truck
- Miles: 47,001 on odometer
- VIN: 1FDWE3FS6HDC04775
Engine- Displacement: 6.8L
- Cylinders: 10
- Fuel type: Gas
Transmission- Automatic
Chassis- Axles: Single
- Suspension: Spring
- Brakes: Hydraulic
- GVWR: 12,500 lbs
Interior- AC, Heat
- Cruise control
- Backup camera
Features- Bed- Box bed
- Smyrna Truck $ Cargo BAC14084094
- Serial: 019370
- Length: 15' 5""
- Width: 7' 11""
- Height: 7' 6""
- E-track rail system
- Floor: Wood
- Width: 89""
- End gate lift
- Tommy Lift

Tires- Size: 225/75R16
Notes- Dash warning indicator: Airbag
- Door jam issues
- Box bed damaged
- Non-operational backup camera monitor
- Sliding door issues, off of track
Oklahoma title
Seller is an Oklahoma licensed motor vehicle dealer. Buyers may be required to provide identification to the licensed dealer to comply with state laws. Title will be assigned and distributed by the dealer. Please contact the seller for distribution questions.
Title distribution may be delayed up to 30 days from verification of funds.",6,97,images/EW0468/EW0468.JPG|images/EW0468/EW0468S.JPG|images/EW0468/EW0468ZL.JPG|images/EW0468/EW0468ZZF.JPG|images/EW0468/EW0468ZZY.JPG|images/EW0468/EW0468ZZZR.JPG,Purple Wave,https://www.purplewave.com/auction/260826/item/EW0468
DV8563,box_truck,2002,Isuzu,NPR,Box Truck,4730.0,4300.0,0.1,2026-08-26,29,West Des Moines,IA,JALC4B14727000651,207769,,,4.75L,Diesel,,Single,Spring,Hydraulic,"14,500 lbs",,"2002 Isuzu NPR box truck
- Miles: 207,769 on odometer
- VIN: JALC4B14727000651
Engine- Isuzu 4HE1-XS
- Displacement: 4.75L
- Cylinders: 4
- Fuel type: Diesel
Transmission- Automatic
Chassis- Axles: Single
- Suspension: Spring
- Brakes: Hydraulic
- GVWR: 14,500 lbs
Interior- AC, Heat
Features- Bed- Box bed
- Morgan
- Length: 198""
- Width: 8'
- Floor: Wood
- Slider ramp 25""

Tires- Size: 215/85R16
- Brand: Firestone
Iowa title
Title distribution may be delayed up to 14 days from verification of funds.",6,64,images/DV8563/DV8563.JPG|images/DV8563/DV8563M.JPG|images/DV8563/DV8563Y.JPG|images/DV8563/DV8563ZL.JPG|images/DV8563/DV8563ZX.JPG|images/DV8563/DV8563ZZK.JPG,Purple Wave,https://www.purplewave.com/auction/260826/item/DV8563
EW8631,box_truck,1998,Ford,E350 Super Duty,Box Truck,605.0,550.0,0.1,2026-08-26,15,Geronimo,OK,1FDWE37S2WHB59855,238318,,,,Gas,,Single,Spring,Hydraulic,"11,500 lbs",,"1998 Ford E350 Super Duty box truck
- Miles: 238,318 on odometer
- VIN: 1FDWE37S2WHB59855
Engine- Cylinders: 8
- Fuel type: Gas
Transmission- Automatic
Chassis- Axles: Single
- Suspension: Spring
- Brakes: Hydraulic
- GVWR: 11,500 lbs
Interior- AC, Heat
Features- Bed- Box bed
- Length: 14' 6""
- Width: 8'
- Height: 7' 1""
- Floor: Aluminum

Tires- Size: 225/75R16
Notes- Contents are included
- Non-operational fuel pump
- Unit must be towed or hauled
- Non-operational unit
Oklahoma title
Title distribution may be delayed up to 14 days from verification of funds.",6,94,images/EW8631/EW8631.JPG|images/EW8631/EW8631S.JPG|images/EW8631/EW8631ZK.JPG|images/EW8631/EW8631ZZD.JPG|images/EW8631/EW8631ZZV.JPG|images/EW8631/EW8631ZZZO.JPG,Purple Wave,https://www.purplewave.com/auction/260826/item/EW8631
FC3266,box_truck,2018,Freightliner,Business Class M2,Box Truck,12100.0,11000.0,0.1,2026-08-26,19,Monteagle,TN,3ALACWFD7JDJP0930,354665,10381,,6.7L,Diesel,,Single,Spring,Hydraulic,"26,000 lbs",,"2018 Freightliner Business Class M2 box truck
- Miles: 354,665 on odometer
- Hours: 10,381 on meter
- VIN: 3ALACWFD7JDJP0930
Engine- Cummins B6.7
- Serial: 21036881
- Displacement: 6.7L
- Cylinders: 6
- Fuel type: Diesel
Transmission- Automatic
Chassis- Axles: Single
- Suspension: Spring
- Brakes: Hydraulic
- GVWR: 26,000 lbs
Interior- AC, Heat
- Power locks
- Cruise control
Features- Bed- Box bed
- Morgan GVFD09726B17F
- Serial: PM41645-012
- Length: 26' 6""
- Width: 102""
- Height: 8' 6""
- E-track rail system
- Floor: Wood
- Slider ramp 26""
- End gate lift
- Maxon

Tires- Size: 295/75R22.5
Notes- Dash warning indicator: Check engine, Fault codes
- Windshield chipped or cracked
- Engine issues, cranks but does not start
- Unit must be towed or hauled
- Unknown operating condition
Missouri title
Title distribution may be delayed up to 30 days from verification of funds.",6,90,images/FC3266/FC3266.JPG|images/FC3266/FC3266R.JPG|images/FC3266/FC3266ZJ.JPG|images/FC3266/FC3266ZZA.JPG|images/FC3266/FC3266ZZS.JPG|images/FC3266/FC3266ZZZK.JPG,Purple Wave,https://www.purplewave.com/auction/260826/item/FC3266
DV4363,box_truck,1999,Ford,E350,Box Truck,577.5,525.0,0.1,2026-08-26,8,Jackson,TN,1FDWE37LXXHA83117,240834,,,5.4L,Gas,,Single,Spring,Hydraulic,,,"1999 Ford E350 box truck
- Miles: 240,834 on odometer
- VIN: 1FDWE37LXXHA83117
Engine- Displacement: 5.4L
- Cylinders: 8
- Fuel type: Gas
Transmission- Automatic
Chassis- Axles: Single
- Suspension: Spring
- Brakes: Hydraulic
Interior- AC, Heat
Features- Bed- Box bed
- Length: 15' 6""
- Width: 7' 8""
- Height: 6' 7""
- Floor: Wood

Tires- Size: 225/75R16
Notes- Maxon end gate lift included- Parts may be missing

- Dash warning indicator: Airbag, Service engine soon
- Box bed damaged, holes in floor and walls
Tennessee title
Title distribution may be delayed up to 14 days from verification of funds.",6,93,images/DV4363/DV4363.JPG|images/DV4363/DV4363R.JPG|images/DV4363/DV4363ZK.JPG|images/DV4363/DV4363ZZC.JPG|images/DV4363/DV4363ZZV.JPG|images/DV4363/DV4363ZZZN.JPG,Purple Wave,https://www.purplewave.com/auction/260826/item/DV4363
FT6110,box_truck,2015,Mitsubishi Fuso,FE130,Box Truck,7700.0,7000.0,0.1,2026-08-26,22,Moscow Mills,MO,JL6AMH1A1FK000236,110446,,Windshield chipped or cracked,3.0L,Diesel,,Single,Spring,Hydraulic,"13,200 lbs",,"2015 Mitsubishi Fuso FE130 box truck
- Miles: 110,446 on odometer
- VIN: JL6AMH1A1FK000236
Engine- FPT
- Displacement: 3.0L
- Cylinders: 4
- Fuel type: Diesel
Transmission- Automatic
Chassis- Axles: Single
- Suspension: Spring
- Brakes: Hydraulic
- GVWR: 13,200 lbs
Interior- AC, Heat
- Heated mirrors
- Power windows, Power locks
- Cruise control
Features- Bed- Box bed
- Morgan GVSD09118FT
- Serial: MWI59999-001
- Length: 18' 6""
- Width: 96""
- Height: 96""
- E-track rail system
- Floor: Wood
- End gate lift
- Maxon
- Capacity: 2,000 lbs

Tires- Size: 215/85R16
Notes- Dash warning indicator: Check engine
- Windshield chipped or cracked
Missouri title
Seller is a Missouri licensed motor vehicle dealer. The buyer may be required to pay sales tax and/or registration fees to the dealer prior to taking possession. Buyers may be required to provide identification to the licensed dealer to comply with state laws. Title will be assigned and distributed by the dealer. Please contact the seller for distribution questions.
Title distribution may be delayed up to 30 days from verification of funds.",6,90,images/FT6110/FT6110.JPG|images/FT6110/FT6110R.JPG|images/FT6110/FT6110ZJ.JPG|images/FT6110/FT6110ZZA.JPG|images/FT6110/FT6110ZZS.JPG|images/FT6110/FT6110ZZZK.JPG,Purple Wave,https://www.purplewave.com/auction/260826/item/FT6110
EW8616,box_truck,2010,Hino,268,Box Truck,6820.0,6200.0,0.1,2026-08-26,29,Lawton,OK,5PVNE8JV4A4S51596,262217,,,7.6L,Diesel,,Single,Spring,Hydraulic,"25,950 lbs",,"2010 Hino 268 box truck
- Miles: 262,217 on odometer
- VIN: 5PVNE8JV4A4S51596
Engine- Hino Motors, Ltd J08E-TV
- Displacement: 7.6L
- Cylinders: 6
- Fuel type: Diesel
Transmission- Automatic
Chassis- Axles: Single
- Suspension: Spring
- Brakes: Hydraulic
- GVWR: 25,950 lbs
Interior- AC, Heat
- Cruise control
Features- Bed- Box bed
- Model: SVA240103102
- Serial: 90210201
- Length: 24' 7""
- Width: 8' 6""
- Height: 9'
- E-track rail system
- Floor: Wood
- Width: 72""
- End gate lift
- MAXON 72-25
- Capacity: 2,500 lbs

Tires- Size: 11R22.5
Notes- Windshield chipped or cracked
- Hood hinges broken
- Non-operational  end gate lift
- End gate lift hydraulic leak
Oklahoma title
Title distribution may be delayed up to 30 days from verification of funds.",6,105,images/EW8616/EW8616.JPG|images/EW8616/EW8616U.JPG|images/EW8616/EW8616ZP.JPG|images/EW8616/EW8616ZZJ.JPG|images/EW8616/EW8616ZZZE.JPG|images/EW8616/EW8616ZZZZ.JPG,Purple Wave,https://www.purplewave.com/auction/260826/item/EW8616
EG9318,box_truck,2006,GMC,Savana 3500,Box Truck,4510.0,4100.0,0.1,2026-08-26,36,Collinsville,OK,1GDJG31U561152518,192221,,,6.0L,Gas,,Single,Spring,Hydraulic,,,"2006 GMC Savana 3500 box truck
- Miles: 192,221 on odometer
- VIN: 1GDJG31U561152518
Engine- Displacement: 6.0L
- Cylinders: 8
- Fuel type: Gas
Transmission- Automatic
Chassis- Axles: Single
- Suspension: Spring
- Brakes: Hydraulic
Interior- AC, Heat
- Cruise control
Features- Bed- Box bed
- Supreme Corp
- Serial: 60270051
- Length: 14' 6""
- Width: 96""
- Height: 90""
- Floor: Wood

Tires- Size: LT225/75R16
Notes- Dash warning indicator: ABS
Oklahoma title
Title distribution may be delayed up to 30 days from verification of funds.",6,70,images/EG9318/EG9318.JPG|images/EG9318/EG9318N.JPG|images/EG9318/EG9318ZB.JPG|images/EG9318/EG9318ZO.JPG|images/EG9318/EG9318ZZC.JPG|images/EG9318/EG9318ZZQ.JPG,Purple Wave,https://www.purplewave.com/auction/260826/item/EG9318
YA2223,box_truck,2019,International,4300,Box Truck,7370.0,6700.0,0.1,2026-08-20,45,Anderson,CA,3HAMMMML5KL386126,,,,6.7L,Diesel,,Single,Air,Air,"25,999 lbs","272""","2019 International 4300 box truck
- Miles: Unknown
- VIN: 3HAMMMML5KL386126
- Unit #: 76227015
Engine- Cummins B 6.7
- Displacement: 6.7L
- Cylinders: 6
- Fuel type: Diesel
- HP: 220
Transmission- Automatic
Chassis- Axles: Single
- Suspension: Air
- Brakes: Air
- GVWR: 25,999 lbs
- Wheelbase: 272""
Interior- AC, Heat
- Cruise control
Features- Bed- Box bed
- Morgan CVMD10326102
- Serial: M0R03603-005
- Length: 27' 2""
- Width: 8' 5""
- Height: 13'
- E-track rail system
- Floor: Wood
- Slider ramp 24""
- End gate lift
- Waltco HLF-30
- Capacity: 3,000 lbs

Tires- Size: 295/75R22.5
Notes- Batteries missing
- Dash partially disassembled- Parts may be missing

- Unknown operating condition of liftgate
- Unknown operating condition- Unit must be towed or hauled

Repossessed item, stored at a secured facility 
Please review REQUIRED REMOVAL INSTRUCTIONS
Buyer responsible for all aspects of state emissions compliance
Lender owned. Item condition and history are unknown. No additional information is available.
Titles will be distributed after confirmation of payment and removal.
Indiana title
Mileage has not been verified. Odometer discrepancy will be marked on the title.
Title distribution may be delayed up to 30 days from verification of funds.",6,96,images/YA2223/YA2223.JPG|images/YA2223/YA2223S.JPG|images/YA2223/YA2223ZL.JPG|images/YA2223/YA2223ZZE.JPG|images/YA2223/YA2223ZZX.JPG|images/YA2223/YA2223ZZZQ.JPG,Purple Wave,https://www.purplewave.com/auction/260820/item/YA2223
FC3250,box_truck,2012,Freightliner,Business Class M2,Box Truck,5720.0,5200.0,0.1,2026-08-20,38,Kent,OH,1FVACXDTXCDBU2854,445596,7947,,6.7L,Diesel,,Single,Spring,Hydraulic,"33,000 lbs",,"2012 Freightliner Business Class M2 box truck
- Miles: 445,596 on odometer
- Hours: 7,947 on meter
- VIN: 1FVACXDTXCDBU2854
Engine- Cummins  ISB
- Displacement: 6.7L
- Cylinders: 6
- Fuel type: Diesel
Transmission- Automatic
Chassis- Axles: Single
- Suspension: Spring
- Brakes: Hydraulic
- PTO
- GVWR: 33,000 lbs
Interior- AC, Heat
- Heated mirrors
- Cruise control
Features- Bed- Box bed
- Morgan GVSD09724102
- Serial: MPM12682-001
- Length: 24' 5""
- Width: 102""
- Height: 8' 6""
- E-track rail system
- Floor: Wood
- End gate lift

- Liquid Controls Corp. M-7-1 petroleum pump- Serial: 396212
- GPM: 10-100
- Max PSI: 150

Tires- Size: 11R22.5
Notes- Unknown operating condition of petroleum pump
Ohio title
Title distribution may be delayed up to 30 days from verification of funds.",6,85,images/FC3250/FC3250.JPG|images/FC3250/FC3250Q.JPG|images/FC3250/FC3250ZH.JPG|images/FC3250/FC3250ZX.JPG|images/FC3250/FC3250ZZO.JPG|images/FC3250/FC3250ZZZF.JPG,Purple Wave,https://www.purplewave.com/auction/260820/item/FC3250
EA7319,box_truck,2016,International,4300,Box Truck,19250.0,17500.0,0.1,2026-08-20,53,Houston,TX,3HAMMMML5GL733915,266261,9943,,5.9L,Diesel,,Single,Air,Air,"25,999 lbs",,"2016 International 4300 box truck
- Miles: 266,261 on odometer
- Hours: 9,943 on meter
- VIN: 3HAMMMML5GL733915
Engine- Cummins ISB
- Displacement: 5.9L
- Cylinders: 6
- Fuel type: Diesel
Transmission- Automatic
Chassis- Axles: Single
- Suspension: Air
- Brakes: Air
- GVWR: 25,999 lbs
Interior- AC, Heat
- Power windows, Power locks
- Cruise control
Features- Bed- Box bed
- Morgan
- Length: 26'
- Width: 8'
- Height: 8'
- E-track rail system
- Floor: Wood
- End gate lift

Tires- Size: 11R22.5
- Brand: Bridgestone
Texas title
Title distribution may be delayed up to 14 days from verification of funds.",6,91,images/EA7319/EA7319.JPG|images/EA7319/EA7319R.JPG|images/EA7319/EA7319ZJ.JPG|images/EA7319/EA7319ZZB.JPG|images/EA7319/EA7319ZZT.JPG|images/EA7319/EA7319ZZZL.JPG,Purple Wave,https://www.purplewave.com/auction/260820/item/EA7319
FC3251,box_truck,2014,Freightliner,Business Class M2,Box Truck,7810.0,7100.0,0.1,2026-08-20,47,Kent,OH,3ALACXDT3EDFS5763,330644,1337,,6.7L,Diesel,,Single,Spring,Hydraulic,"33,000 lbs",,"2014 Freightliner Business Class M2 box truck
- Miles: 330,644 on odometer
- Hours: 1,337 on meter
- VIN: 3ALACXDT3EDFS5763
Engine- Cummins ISB
- Serial: 3050841
- Displacement: 6.7L
- Cylinders: 6
- Fuel type: Diesel
Transmission- Automatic
Chassis- Axles: Single
- Suspension: Spring
- Brakes: Hydraulic
- PTO
- GVWR: 33,000 lbs
Interior- AC, Heat
- Heated mirrors
- Cruise control
Features- Bed- Box bed
- Length: 24' 5""
- Width: 102""
- Height: 8' 6""
- E-track rail system
- Floor: Wood
- End gate lift

- Liquid Controls Corp. M-7-1 petroleum pump- Serial: 479874
- GPM: 10-100
- Max PSI: 150

Tires- Size: 11R22.5
Notes- Unknown operating condition of petroleum pump
Ohio title
Title distribution may be delayed up to 30 days from verification of funds.",6,87,images/FC3251/FC3251.JPG|images/FC3251/FC3251Q.JPG|images/FC3251/FC3251ZH.JPG|images/FC3251/FC3251ZZ.JPG|images/FC3251/FC3251ZZQ.JPG|images/FC3251/FC3251ZZZH.JPG,Purple Wave,https://www.purplewave.com/auction/260820/item/FC3251
EL2527,box_truck,2016,Freightliner,Business Class M2,Box Truck,13200.0,12000.0,0.1,2026-08-20,63,Glendale,AZ,3ALACWDT5GDGX4964,303759,20163,,6.7L,Diesel,,Single,Air,Air,"26,000 lbs","270""","2016 Freightliner Business Class M2 box truck
- Miles: 303,759 on odometer
- Hours: 20,163 on meter
- VIN: 3ALACWDT5GDGX4964
- Unit #: 37
Engine- Cummins ISB6.7
- Serial: 58508812
- Displacement: 6.7L
- Cylinders: 6
- Fuel type: Diesel
- HP: 280
Transmission- Allison 2500
- Automatic
Chassis- Axles: Single
- Suspension: Air
- Brakes: Air
- GVWR: 26,000 lbs
- Wheelbase: 270""
Interior- AC, Heat
- Heated mirrors
- Power windows
- Cruise control
Features- Bed- Box bed
- Morgan GVMD10926102
- Serial: MAZ42188-001
- Length: 26'
- Width: 102""
- Height: 92""
- E-track rail system
- Floor: Steel, Wood
- End gate lift
- Maxon GPT
- Capacity: 3,000 lbs

Tires- Size: 11R22.5
Notes- Windshield chipped or cracked
- Oil leak
Arizona title
Title distribution may be delayed up to 30 days from verification of funds.",6,88,images/EL2527/EL2527.JPG|images/EL2527/EL2527Q.JPG|images/EL2527/EL2527ZI.JPG|images/EL2527/EL2527ZZ.JPG|images/EL2527/EL2527ZZR.JPG|images/EL2527/EL2527ZZZI.JPG,Purple Wave,https://www.purplewave.com/auction/260820/item/EL2527
YA3663,box_truck,2018,International,4300,Box Truck,9790.0,8900.0,0.1,2026-08-20,40,Fairfield,CA,3HAMMMMN9JL543284,195433,7475,"Possible ignition cylinder issues, not secure",6.7L,Diesel,,Tandem,Air,Air,"33,000 lbs",,"2018 International 4300 box truck
- Miles: 195,433 on odometer
- Hours: 7,475 on meter
- VIN: 3HAMMMMN9JL543284
- Unit #: 54813046
Engine- Cummins B6.7
- Displacement: 6.7L
- Cylinders: 6
- Fuel type: Diesel
- HP: 240
Transmission- Automated manual
Chassis- Axles: Tandem
- Suspension: Air
- Brakes: Air
- GVWR: 33,000 lbs
Interior- AC, Heat
- Heated mirrors
- Cruise control
Features- Bed- Box bed
- Supreme Corporation H0101266
- Serial: VFPEN260103102
- Length: 26'
- Width: 8' 2""
- Height: 8' 6""
- E-track rail system
- Floor: Wood
- End gate lift
- Waltco WDV45G2
- Capacity: 4,000 lbs

Tires- Size: 11R22.5
Notes- Rear door issues, will not close
- Dash warning indicator: Check engine
- Possible ignition cylinder issues, not secure
Repossessed item, stored at a secured facility 
Please review REQUIRED REMOVAL INSTRUCTIONS
Lender owned. Item condition and history are unknown. No additional information is available.
Buyer responsible for all aspects of state emissions compliance
Titles will be distributed after confirmation of payment and removal.
California title
Title distribution may be delayed up to 30 days from verification of funds.",6,87,images/YA3663/YA3663.JPG|images/YA3663/YA3663Q.JPG|images/YA3663/YA3663ZH.JPG|images/YA3663/YA3663ZZ.JPG|images/YA3663/YA3663ZZQ.JPG|images/YA3663/YA3663ZZZH.JPG,Purple Wave,https://www.purplewave.com/auction/260820/item/YA3663
YA3132,box_truck,2015,Hino,268,Box Truck,8800.0,8000.0,0.1,2026-08-20,34,Charles City,VA,5PVNJ8JP6F4S51281,169131,,,7.6L,Diesel,,Single,Spring,Air,"25,950 lbs",,"2015 Hino 268 box truck
- Miles: 169,131 on odometer
- VIN: 5PVNJ8JP6F4S51281
- Unit #: 45735336
Engine- Hino Motors J08E-VC
- Displacement: 7.6L
- Cylinders: 6
- Fuel type: Diesel
- HP: 220
Transmission- Automatic
Chassis- Axles: Single
- Suspension: Spring
- Brakes: Air
- GVWR: 25,950 lbs
Interior- AC, Heat
- Heated mirrors
- Power windows, Power locks
- Cruise control
Features- Bed- Box bed
- Supreme
- Serial: SVF20091096
- Length: 20'
- Width: 96""
- Height: 99""
- E-track rail system
- Floor: Wood
- End gate lift
- Waltco BZ33
- Capacity: 3,300 lbs

Tires- Size: 11R22.5
Notes- Windshield chipped or cracked
- Jump start required during on-site data collection
Repossessed item, stored at a secured facility 
Please review REQUIRED REMOVAL INSTRUCTIONS
Lender owned. Item condition and history are unknown. No additional information is available.
Titles will be distributed after confirmation of payment and removal.
Indiana title
Title distribution may be delayed up to 30 days from verification of funds.",6,82,images/YA3132/YA3132.JPG|images/YA3132/YA3132P.JPG|images/YA3132/YA3132ZF.JPG|images/YA3132/YA3132ZW.JPG|images/YA3132/YA3132ZZM.JPG|images/YA3132/YA3132ZZZC.JPG,Purple Wave,https://www.purplewave.com/auction/260820/item/YA3132
YA2231,box_truck,2019,Freightliner,Business Class M2,Box Truck,4180.0,3800.0,0.1,2026-08-20,17,Helena,MT,3ALACWFC2KDLJ6434,423141,,,6.7L,Diesel,,Single,Spring,Air,"26,000 lbs",,"2019 Freightliner Business Class M2 box truck
- Miles: 423,141 on odometer
- VIN: 3ALACWFC2KDLJ6434
- Unit #: 76427265
Engine- Cummins B6.7
- Displacement: 6.7L
- Cylinders: 6
- Fuel type: Diesel
Transmission- Automatic
Chassis- Axles: Single
- Suspension: Spring
- Brakes: Air
- GVWR: 26,000 lbs
Interior- AC, Heat
- Heated mirrors
- Power windows
- Cruise control
Features- Bed- Box bed
- Morgan
- E-track rail system
- Floor: Wood
- End gate lift
- Maxon

Tires- Size: 295/75R22.5
Notes- Possible engine issues, knocks
- Unknown operating condition- Unit must be towed or hauled

Repossessed item, stored at a secured facility 
Please review REQUIRED REMOVAL INSTRUCTIONS
Titles will be distributed after confirmation of payment and removal.
Indiana title
Title distribution may be delayed up to 30 days from verification of funds.",6,35,images/YA2231/YA2231.JPG|images/YA2231/YA2231G.JPG|images/YA2231/YA2231N.JPG|images/YA2231/YA2231T.JPG|images/YA2231/YA2231ZA.JPG|images/YA2231/YA2231ZH.JPG,Purple Wave,https://www.purplewave.com/auction/260820/item/YA2231
YA3412,box_truck,2019,International,4300,Box Truck,2035.0,1850.0,0.1,2026-08-20,20,Greenwell Springs,LA,1HTMMMML5KH327258,,,Non-operational unit- Unit must be towed or hauled,6.7L,Diesel,,Single,Air,Air,"25,999 lbs","242""","2019 International 4300 box truck
- Miles: Unknown
- VIN: 1HTMMMML5KH327258
- Unit #: 51775146
Engine- Cummins B6.7
- Displacement: 6.7L
- Cylinders: 6
- Fuel type: Diesel
Transmission- Automatic
Chassis- Axles: Single
- Suspension: Air
- Brakes: Air
- GVWR: 25,999 lbs
- Wheelbase: 242""
Interior- AC, Heat
- Power windows, Power locks
- Cruise control
Features- Bed- Box bed
- Morgan
- Length: 26'
- Width: 8'
- Height: 8'
- E-track rail system
- Floor: Wood
- End gate lift
- Waltco HLF-30
- Capacity: 3,000 lbs

Tires- Size: 295/75R22.5
- Brand: Falken
Notes- Dead battery
- Possible electrical issues
- Engine seized
- Non-operational engine
- Non-operational unit- Unit must be towed or hauled

Repossessed item, stored at a secured facility 
Please review REQUIRED REMOVAL INSTRUCTIONS
Lender owned. Item condition and history are unknown. No additional information is available.
Titles will be distributed after confirmation of payment and removal.
North Carolina title
Mileage has not been verified. Odometer discrepancy will be marked on the title.
Title distribution may be delayed up to 30 days from verification of funds.",6,96,images/YA3412/YA3412.JPG|images/YA3412/YA3412S.JPG|images/YA3412/YA3412ZL.JPG|images/YA3412/YA3412ZZE.JPG|images/YA3412/YA3412ZZX.JPG|images/YA3412/YA3412ZZZQ.JPG,Purple Wave,https://www.purplewave.com/auction/260820/item/YA3412
ED5143,box_truck,2019,Ford,E350,Box Truck,6600.0,6000.0,0.1,2026-08-20,43,San Antonio,TX,1FDWE3F6XKDC38891,202019,,Windshield chipped or cracked,6.2L,Gas,,Single,Spring,Hydraulic,"12,500 lbs","176""","2019 Ford E350 box truck
- Miles: 202,019 on odometer
- VIN: 1FDWE3F6XKDC38891
- Unit #: 366
Engine- Displacement: 6.2L
- Cylinders: 8
- Fuel type: Gas
Transmission- Automatic
Chassis- Axles: Single
- Suspension: Spring
- Brakes: Hydraulic
- GVWR: 12,500 lbs
- Wheelbase: 176""
Interior- AC, Heat
- Cruise control
- Backup camera
Features- Bed- Box bed
- Supreme DFB016085096
- Serial: 0301025
- Length: 16'
- Width: 94""
- Height: 85""
- E-track rail system
- Floor: Wood
- End gate lift
- Tommy Gate

Tires- Size: 225/75R16
Notes- Dash warning indicator: Check engine
- Windshield chipped or cracked
- Jump start required during on-site data collection
- Non-operational Lift gate
South Carolina title
Title distribution may be delayed up to 30 days from verification of funds.",6,77,images/ED5143/ED5143.JPG|images/ED5143/ED5143O.JPG|images/ED5143/ED5143ZD.JPG|images/ED5143/ED5143ZT.JPG|images/ED5143/ED5143ZZI.JPG|images/ED5143/ED5143ZZX.JPG,Purple Wave,https://www.purplewave.com/auction/260820/item/ED5143
YA2610,box_truck,2020,Freightliner,Business Class M2,Box Truck,5170.0,4700.0,0.1,2026-08-20,20,Brookhaven,NY,3ALACWFB4LDLY7210,4642,,,5.1L,Diesel,,Single,Air,Air,"26,000 lbs",,"2020 Freightliner Business Class M2 box truck
- Miles: 4,642 on odometer
- Miles: Actual unknown
- VIN: 3ALACWFB4LDLY7210
- Unit #: 78591985
Engine- Detroit Diesel DD15
- Displacement: 5.1L
- Cylinders: 4
- Fuel type: Diesel
Transmission- Automatic
Chassis- Axles: Single
- Suspension: Air
- Brakes: Air
- GVWR: 26,000 lbs
Interior- AC, Heat
- Power windows
- Cruise control
Features- Bed- Box bed
- Morgan GVSD10326102
- Serial: PD06775-002
- End gate lift
- Maxon

Tires- Size: 295/75R22.5
Notes- Unknown operating condition- Unit must be towed or hauled

Repossessed item, stored at a secured facility 
Please review REQUIRED REMOVAL INSTRUCTIONS 
Lender owned. Item condition and history are unknown. No additional information is available.
Titles will be distributed after confirmation of payment and removal.
New York title
Mileage has not been verified. Odometer discrepancy will be marked on the title.
Title distribution may be delayed up to 30 days from verification of funds.",6,43,images/YA2610/YA2610.JPG|images/YA2610/YA2610H.JPG|images/YA2610/YA2610Q.JPG|images/YA2610/YA2610Y.JPG|images/YA2610/YA2610ZH.JPG|images/YA2610/YA2610ZP.JPG,Purple Wave,https://www.purplewave.com/auction/260820/item/YA2610
YA2502,box_truck,2018,International,4300,Box Truck,4730.0,4300.0,0.1,2026-08-20,51,Brookhaven,NY,1HTMMMML7JH243800,180153,10470,Windshield chipped or cracked,6.7L,Diesel,,Single,Spring,Air,"25,999 lbs",,"2018 International 4300 box truck
- Miles: 180,153 on odometer
- Hours: 10,470 on meter
- VIN: 1HTMMMML7JH243800
- Unit #: 77509975
Engine- Cummins B6.7
- Displacement: 6.7L
- Cylinders: 6
- Fuel type: Diesel
- HP: 250
Transmission- Automatic
Chassis- Axles: Single
- Suspension: Spring
- Brakes: Air
- GVWR: 25,999 lbs
Interior- AC, Heat
- Power windows, Power locks
- Cruise control
- Backup camera
Features- Bed- Box bed
- Morgan GVMD09126096
- Serial: PM42139-005
- Length: 27' 7""
- Width: 8'
- Height: 7' 7""
- E-track rail system
- Floor: Wood
- End gate lift

Tires- Size: 11R22.5
Notes- Dash warning indicator: Check engine, Stop engine
- Windshield chipped or cracked
- Jump start required during on-site data collection
Repossessed item, stored at a secured facility 
Please review REQUIRED REMOVAL INSTRUCTIONS
Lender owned. Item condition and history are unknown. No additional information is available.
Titles will be distributed after confirmation of payment and removal.
New York title
Title distribution may be delayed up to 30 days from verification of funds.",6,82,images/YA2502/YA2502.JPG|images/YA2502/YA2502P.JPG|images/YA2502/YA2502ZF.JPG|images/YA2502/YA2502ZW.JPG|images/YA2502/YA2502ZZM.JPG|images/YA2502/YA2502ZZZC.JPG,Purple Wave,https://www.purplewave.com/auction/260820/item/YA2502
JM9501,box_truck,2006,International,7600,Box Truck,18150.0,16500.0,0.1,2026-08-18,27,Las Cruces,NM,1HTWYAHT06J187396,124663,8689,,10.8L,Diesel,,Tandem,Spring,Air,,,"2006 International 7600 box truck
- Miles: 124,663 on odometer
- Hours: 8,689 on meter
- VIN: 1HTWYAHT06J187396
- Unit #: 6313
Engine- Cummins ISM
- Displacement: 10.8L
- Cylinders: 6
- Fuel type: Diesel
Transmission- Automatic
Chassis- Axles: Tandem
- Suspension: Spring
- Brakes: Air
- PTO
Interior- AC, Heat
- Power windows, Power locks
- Cruise control
Features- Bed- Box bed
- Supreme corp
- Serial: VA22084096 50505881
- Length: 22' 5""
- Width: 7' 8""
- Height: 7' 8""
- Floor: Wood

Tires- Front: 425/65R22.5
- Rear: 11R22.5
Notes- Contents are included
- Possible AC issues, may need charged
- Dash warning indicator: Check engine, ABS
- Jump start required during on-site data collection
- Box bed damaged
New Mexico title
Title distribution may be delayed up to 14 days from verification of funds.",6,119,images/JM9501/JM9501.JPG|images/JM9501/JM9501X.JPG|images/JM9501/JM9501ZU.JPG|images/JM9501/JM9501ZZS.JPG|images/JM9501/JM9501ZZZP.JPG|images/JM9501/JM9501ZZZZN.JPG,Purple Wave,https://www.purplewave.com/auction/260818/item/JM9501
FH6283,box_truck,2000,Ford,F450 Super Duty XL,Box Truck,3410.0,3100.0,0.1,2026-08-18,32,Olathe,KS,1FDXF46S5YEA61268,141073,,,6.8L,Gas,,Single,Spring,Hydraulic,"15,000 lbs","201""","2000 Ford F450 Super Duty XL box truck
- Miles: 141,073 on odometer
- VIN: 1FDXF46S5YEA61268
- Unit #: FAC3984
Engine- Displacement: 6.8L
- Cylinders: 10
- Fuel type: Gas
Transmission- Automatic
Chassis- Axles: Single
- Suspension: Spring
- Brakes: Hydraulic
- GVWR: 15,000 lbs
- Wheelbase: 201""
Interior- AC, Heat
Features- Bed- Box bed
- Brown 912SA1485
- Serial: C636999
- Length: 14' 8""
- Width: 8' 2""
- Height: 7' 7""
- End gate lift
- Maxon RCM-1600- Capacity: 1,600 lbs

Tires- Size: 225/70R19.5
Notes- Jump start required during on-site data collection
- Unknown operating condition of end gate lift
- Decals will be removed prior to auction
Kansas title
Title distribution may be delayed up to 30 days from verification of funds.",6,91,images/FH6283/FH6283.JPG|images/FH6283/FH6283R.JPG|images/FH6283/FH6283ZJ.JPG|images/FH6283/FH6283ZZB.JPG|images/FH6283/FH6283ZZT.JPG|images/FH6283/FH6283ZZZL.JPG,Purple Wave,https://www.purplewave.com/auction/260818/item/FH6283
NJ9230,box_truck,2003,Freightliner,FL70,Box Truck,8250.0,7500.0,0.1,2026-08-12,54,Wichita,KS,1FVABTAK53HL93407,293346,13775,,7.2L,Diesel,,Single,Spring,Air,"33,000 lbs",,"2003 Freightliner FL70 box truck
- Miles: 293,346 on odometer
- Hours: 13,775 on meter
- VIN: 1FVABTAK53HL93407
Engine- Caterpillar 3126
- Serial: HEP16266
- Displacement: 7.2L
- Cylinders: 6
- Fuel type: Diesel
Transmission- Manual
- Speed: 6
Chassis- Axles: Single
- Suspension: Spring
- Brakes: Air
- GVWR: 33,000 lbs
Interior- AC, Heat
- Heated mirrors
- Cruise control
Features- Bed- Box bed
- Morgan GVSD09126102
- Serial: MPA03VB65804002
- Length: 26'
- Width: 102""
- Height: 7' 8""
- E-track rail system
- Floor: Wood
- End gate lift
- Capacity: 2,500 lbs

Tires- Size: 295/75R22.5
Notes- Unknown operating condition of AC
Kansas title
Title distribution may be delayed up to 14 days from verification of funds.",6,70,images/NJ9230/NJ9230.JPG|images/NJ9230/NJ9230N.JPG|images/NJ9230/NJ9230ZB.JPG|images/NJ9230/NJ9230ZO.JPG|images/NJ9230/NJ9230ZZC.JPG|images/NJ9230/NJ9230ZZQ.JPG,Purple Wave,https://www.purplewave.com/auction/260812/item/NJ9230
EG9241,box_truck,2005,Freightliner,Business Class M2,Box Truck,7810.0,7100.0,0.1,2026-08-12,43,Collinsville,OK,1FVACXCS05HU04687,286457,,,6.4L,Diesel,,Single,Spring,Air,"32,000 lbs",,"2005 Freightliner Business Class M2 box truck
- Miles: 286,457 on odometer
- VIN: 1FVACXCS05HU04687
Engine- Mercedes-Benz MBE-900
- Displacement: 6.4L
- Cylinders: 6
- Fuel type: Diesel
Transmission- Automatic
Chassis- Axles: Single
- Suspension: Spring
- Brakes: Air
- GVWR: 32,000 lbs
Interior- AC, Heat
- Heated mirrors
- Cruise control
Features- Bed- Box bed
- Morgan GVSD09724102
- Serial: MTX04VB16367002
- Length: 24' 6""
- Width: 102""
- Height: 102""
- E-track rail system
- Floor: Wood
- End gate lift
- Maxon TUK-A-WAY
- Capacity: 2,500 lbs

Tires- Size: 295/75R22.5
Oklahoma title
Title distribution may be delayed up to 30 days from verification of funds.",6,78,images/EG9241/EG9241.JPG|images/EG9241/EG9241O.JPG|images/EG9241/EG9241ZE.JPG|images/EG9241/EG9241ZT.JPG|images/EG9241/EG9241ZZJ.JPG|images/EG9241/EG9241ZZY.JPG,Purple Wave,https://www.purplewave.com/auction/260812/item/EG9241
ET0120,box_truck,2005,Isuzu,NPR,Box Truck,7150.0,6500.0,0.1,2026-08-12,43,Ardmore,OK,JALB4B16757003647,131203,,,5.2L,Diesel,,Single,Spring,Hydraulic,"10,400 lbs",,"2005 Isuzu NPR box truck
- Miles: 131,203 on odometer
- VIN: JALB4B16757003647
Engine- Isuzu 4HK1-TC
- Displacement: 5.2L
- Cylinders: 4
- Fuel type: Diesel
Transmission- Automatic
Chassis- Axles: Single
- Suspension: Spring
- Brakes: Hydraulic
- GVWR: 10,400 lbs
Interior- AC, Heat
- Cruise control
Features- Bed- Box bed
- Supreme 14'
- Serial: 40212816VA14084096
- Length: 14' 9""
- Width: 8'
- Height: 90""
- Floor: Wood
- End gate lift
- Maxon RCM

Tires- Size: LT215/85R16
Notes- Contents will be removed prior to auction
- Jump start required during on-site data collection
Oklahoma title
Title distribution may be delayed up to 30 days from verification of funds.",6,74,images/ET0120/ET0120.JPG|images/ET0120/ET0120O.JPG|images/ET0120/ET0120ZC.JPG|images/ET0120/ET0120ZR.JPG|images/ET0120/ET0120ZZF.JPG|images/ET0120/ET0120ZZU.JPG,Purple Wave,https://www.purplewave.com/auction/260812/item/ET0120
FC0981,box_truck,1997,Ford,E350,Box Truck,907.5,825.0,0.1,2026-08-12,8,Tulsa,OK,1FDKE37S9VHA68790,191793,,,6.8L,Diesel,,Single,Spring,Hydraulic,"10,700 lbs",,"1997 Ford E350 box truck
- Miles: 191,793 on odometer
- VIN: 1FDKE37S9VHA68790
Engine- Displacement: 6.8L
- Cylinders: 10
- Fuel type: Diesel
Transmission- Automatic
Chassis- Axles: Single
- Suspension: Spring
- Brakes: Hydraulic
- GVWR: 10,700 lbs
Interior- AC, Heat
Features- Bed- Box bed
- Supreme Corp
- Serial: V20201
- Length: 12' 7""
- Width: 93""
- Height: 90""
- End gate lift
- Tony gate 911348

Tires- Size: LT225/75R16
Notes- Dead battery
- Unknown operating condition of lift gate
- Non-operational rear door, does not open
- Rear tires flat
- Unit must be towed or hauled
- Non-operational unit
Oklahoma title
Title distribution may be delayed up to 14 days from verification of funds.",6,67,images/FC0981/FC0981.JPG|images/FC0981/FC0981M.JPG|images/FC0981/FC0981Z.JPG|images/FC0981/FC0981ZN.JPG|images/FC0981/FC0981ZZA.JPG|images/FC0981/FC0981ZZN.JPG,Purple Wave,https://www.purplewave.com/auction/260812/item/FC0981
FU4524,semi_tractor,1990,AM General,M915A1,Truck Tractor,8910.0,8100.0,0.1,2026-09-10,24,Kansas City,MO,1UTSH6685DS000577,1894,,,8.3L,Diesel,,Tandem,Spring over walking beam,Air,"50,000 lbs",,"1990 AM General M915A1 semi truck
- Miles: 1,894 on odometer
- VIN: 1UTSH6685DS000577
- Unit #: 2227
Engine- Cummins
- Displacement: 8.3L
- Cylinders: 6
- Fuel type: Diesel
- Engine brake
Transmission- Automatic
Chassis- Axles: Tandem
- Differential lock: Inter-axle
- Suspension: Spring over walking beam
- Brakes: Air
- GVWR: 50,000 lbs
Interior- AC, Heat
Features- Fifth wheel type: Air operated, Sliding
- Fuel tank: Single
Tires- Size: 11R22.5
Missouri title
Title distribution may be delayed up to 14 days from verification of funds.",6,102,images/FU4524/FU4524.JPG|images/FU4524/FU4524T.JPG|images/FU4524/FU4524ZN.JPG|images/FU4524/FU4524ZZI.JPG|images/FU4524/FU4524ZZZC.JPG|images/FU4524/FU4524ZZZW.JPG,Purple Wave,https://www.purplewave.com/auction/260910/item/FU4524
FK3574,semi_tractor,2013,International,MA035,Truck Tractor,3410.0,3100.0,0.1,2026-09-10,26,Watertown,MN,1HSMKAZN9DH414263,152680,6308,,9.3L,Diesel,,Single,Spring,Air,"32,000 lbs- FAWR: 12,000 lbs",,"2013 International MA035 semi truck
- Miles: 152,680 on odometer
- Hours: 6,308 on meter
- VIN: 1HSMKAZN9DH414263
Engine- International Navistar A315
- Displacement: 9.3L
- Cylinders: 6
- Fuel type: Diesel
Transmission- Allison
- Automatic
Chassis- Axles: Single
- Suspension: Spring
- Brakes: Air
- GVWR: 32,000 lbs- FAWR: 12,000 lbs
- RAWR: 20,000 lbs

Interior- AC, Heat
- Cruise control
Features- Deck plate: Aluminum
- Fifth wheel type: Fixed
- Fuel tank: Single
Tires- Size: 295/75R22.5
Notes- Dash warning indicator: Check engine, ABS, Traction control
- Possible engine issues
- Unit must be towed or hauled
Minnesota title
Title distribution may be delayed up to 14 days from verification of funds.",6,82,images/FK3574/FK3574.JPG|images/FK3574/FK3574P.JPG|images/FK3574/FK3574ZF.JPG|images/FK3574/FK3574ZW.JPG|images/FK3574/FK3574ZZM.JPG|images/FK3574/FK3574ZZZC.JPG,Purple Wave,https://www.purplewave.com/auction/260910/item/FK3574
ED5471,semi_tractor,2001,International,4900,Truck Tractor,4180.0,3800.0,0.1,2026-09-09,37,McQueeney,TX,1HSSDAAN21H317298,509865,24353,,7.6L,Diesel,,Single,Air,Air,,"144""","2001 International 4900 semi truck
- Miles: 509,865 on odometer
- Hours: 24,353 on meter
- VIN: 1HSSDAAN21H317298
Engine- International CH230
- Displacement: 7.6L
- Cylinders: 6
- Fuel type: Diesel
- HP: 230
Transmission- Automatic
Chassis- Axles: Single
- Suspension: Air
- Brakes: Air
- Wheelbase: 144""
Interior- AC, Heat
- Heated mirrors
- Cruise control
Features- Deck plate: Aluminum
- Fifth wheel type: Fixed
- Fuel tank: Single
Notes- AC issues
- Dash warning indicator: ABS
- Windshield chipped or cracked
Texas title
Title distribution may be delayed up to 14 days from verification of funds.",6,74,images/ED5471/ED5471.JPG|images/ED5471/ED5471O.JPG|images/ED5471/ED5471ZC.JPG|images/ED5471/ED5471ZR.JPG|images/ED5471/ED5471ZZF.JPG|images/ED5471/ED5471ZZU.JPG,Purple Wave,https://www.purplewave.com/auction/260909/item/ED5471
EF1317,semi_tractor,2017,Peterbilt,579,Truck Tractor,20350.0,18500.0,0.1,2026-09-03,73,Russellville,TN,1XPBDP9XXHD387942,826209,,,12.9L,Diesel,,Tandem,Air,Air,"51,200 lbs",,"2017 Peterbilt 579 semi truck
- Miles: 826,209 on odometer
- VIN: 1XPBDP9XXHD387942
Engine- Paccar MX-13
- Displacement: 12.9L
- Cylinders: 6
- Fuel type: Diesel
Transmission- Eaton Fuller
- Manual
Chassis- Axles: Tandem
- Differential lock: Inter-axle
- Suspension: Air
- Brakes: Air
- Truck chassis: 160""
- GVWR: 51,200 lbs
Interior- AC, Heat
- Power windows, Power locks
- Cruise control
- Air ride cab
Notes- Jump start required during on-site data collection
- Rear brake issues, seized
- Unit must be towed or hauled
Tennessee title
Title distribution may be delayed up to 30 days from verification of funds.",6,114,images/EF1317/EF1317.JPG|images/EF1317/EF1317W.JPG|images/EF1317/EF1317ZS.JPG|images/EF1317/EF1317ZZP.JPG|images/EF1317/EF1317ZZZL.JPG|images/EF1317/EF1317ZZZZI.JPG,Purple Wave,https://www.purplewave.com/auction/260903/item/EF1317
EF1309,semi_tractor,2015,Peterbilt,579,Truck Tractor,12100.0,11000.0,0.1,2026-09-03,45,Russellville,TN,1XPBDP9X7FD263365,835651,,,12.9L,Diesel,,Tandem,Air,Air,"52,350 lbs",,"2015 Peterbilt 579 semi truck
- Miles: 835,651 on odometer
- VIN: 1XPBDP9X7FD263365
Engine- Paccar MX-13
- Displacement: 12.9L
- Cylinders: 6
- Fuel type: Diesel
Transmission- Eaton
- Manual
- Speed: 8
Chassis- Axles: Tandem
- Differential lock: Inter-axle
- Suspension: Air
- Brakes: Air
- Truck chassis: 154""
- GVWR: 52,350 lbs
Interior- AC, Heat
- Power windows, Power locks
- Cruise control
- Air ride cab
- Sleeper- Sleeper length: 64""
- Beds: Double bunk
- Refrigerator
- Rear climate control

- Auxiliary power unit- ThermoKing TriPac

Features- Deck plate: Aluminum
- Fifth wheel type: Air operated, Sliding
- Fuel tank: Dual
Tires- Size: 295/75R22.5
Notes- Hood damaged
- Dash warning indicator: Check engine, ABS, Traction control
- Possible air system issues, slow to build pressure
Tennessee title
Title distribution may be delayed up to 30 days from verification of funds.",6,116,images/EF1309/EF1309.JPG|images/EF1309/EF1309W.JPG|images/EF1309/EF1309ZT.JPG|images/EF1309/EF1309ZZQ.JPG|images/EF1309/EF1309ZZZN.JPG|images/EF1309/EF1309ZZZZK.JPG,Purple Wave,https://www.purplewave.com/auction/260903/item/EF1309
EE1185,semi_tractor,2014,Kenworth,T800,Truck Tractor,17050.0,15500.0,0.1,2026-09-03,41,Algona,IA,1XKDD40X7EJ397044,372754,,,15.0L,Diesel,,Tandem,Air- Dump valves,Air,"58,200 lbs- FAWR: 13,200 lbs",,"2014 Kenworth T800 semi truck
- Miles: 372,754 on odometer
- VIN: 1XYDD40X7EJ397044
- Unit #: 4134
Engine- Cummins ISX15
- Serial: 79651729
- Displacement: 15.0L
- Cylinders: 6
- Fuel type: Diesel
- HP: 450
- Engine brake
Transmission- Eaton Fuller
- Manual
Chassis- Axles: Tandem
- Differential lock: Full
- Suspension: Air- Dump valves

- Brakes: Air
- PTO
- Wet kit
- GVWR: 58,200 lbs- FAWR: 13,200 lbs
- IAWR: 22,500 lbs
- RAWR: 22,500 lbs

Interior- AC, Heat
- Power locks
- Cruise control
- Air ride cab
Features- Deck plate: Aluminum
- Fifth wheel type: Sliding
- Fuel tank: Single
Tires- Size: 11R22.5
Notes- Trailer not included
- Engine issues, will not stay running
- Brakes seized
- Unit must be towed or hauled
- Non-operational unit
Colorado title
Title distribution may be delayed up to 14 days from verification of funds.",6,102,images/EE1185/EE1185.JPG|images/EE1185/EE1185T.JPG|images/EE1185/EE1185ZN.JPG|images/EE1185/EE1185ZZI.JPG|images/EE1185/EE1185ZZZC.JPG|images/EE1185/EE1185ZZZW.JPG,Purple Wave,https://www.purplewave.com/auction/260903/item/EE1185
FB5020,semi_tractor,2013,Mack,CHU613,Truck Tractor,5280.0,4800.0,0.1,2026-09-03,27,Collinsville,OK,1M1AN07Y0DM013654,,,,12.8L,Diesel,,Tandem,Air- Dump valves,Air,"52,320 lbs- FAWR: 14,320 lbs",,"2013 Mack CHU613 semi truck
- Miles: Unknown
- VIN: 1M1AN07Y0DM013654
Engine- Mack MP8-505C
- Serial: 996693
- Displacement: 12.8L
- Cylinders: 6
- Fuel type: Diesel
- HP: 435
Transmission- Manual
Chassis- Axles: Tandem
- Differential lock: Inter-axle
- Suspension: Air- Dump valves

- Brakes: Air
- PTO
- GVWR: 52,320 lbs- FAWR: 14,320 lbs
- IAWR: 19,000 lbs
- RAWR: 19,000 lbs

Interior- AC, Heat
- Power windows, Power locks
- Air ride cab
Features- Deck plate: Aluminum
- Fifth wheel type: Air operated, Sliding
- Fuel tank: Dual
- Fruitland 500LUF blower
- Serial: 522652
Tires- Size: 11R24.5
Notes- Windshield chipped or cracked
- Tires flat
- Non-operational unit
Oklahoma title
Mileage has not been verified. Odometer discrepancy will be marked on the title.
Title distribution may be delayed up to 30 days from verification of funds.",6,82,images/FB5020/FB5020.JPG|images/FB5020/FB5020P.JPG|images/FB5020/FB5020ZF.JPG|images/FB5020/FB5020ZW.JPG|images/FB5020/FB5020ZZM.JPG|images/FB5020/FB5020ZZZC.JPG,Purple Wave,https://www.purplewave.com/auction/260903/item/FB5020
EF1319,semi_tractor,2015,Kenworth,T680,Truck Tractor,11000.0,10000.0,0.1,2026-09-03,65,Russellville,TN,1XKYDP9X7FJ435122,1100781,,Jump start required during on-site data collection,12.9L,Diesel,,Tandem,Air,Air,"53,200 lbs",,"2015 Kenworth T680 semi truck
- Miles: 1,100,781 on odometer
- VIN: 1XKYDP9X7FJ435122
Engine- Paccar MX/MX-13
- Displacement: 12.9L
- Cylinders: 6
- Fuel type: Diesel
Transmission- Eaton Fuller Ultra Shift Plus
- Automatic
Chassis- Axles: Tandem
- Differential lock: Inter-axle
- Suspension: Air
- Brakes: Air
- Truck chassis: 164""
- GVWR: 53,200 lbs
Interior- AC, Heat
- Power windows, Power locks
- Cruise control
- Air ride cab
- Sleeper- Sleeper length: 54""
- Beds: Double bunk
- Refrigerator
- Rear climate control

Features- Deck plate: Aluminum
- Fifth wheel type: Air operated, Sliding
- Fuel tank: Dual
Tires- Size: 295/75R22.5
Notes- Dash warning indicator: Check engine
- Jump start required during on-site data collection
Tennessee title
Title distribution may be delayed up to 30 days from verification of funds.",6,117,images/EF1319/EF1319.JPG|images/EF1319/EF1319W.JPG|images/EF1319/EF1319ZT.JPG|images/EF1319/EF1319ZZR.JPG|images/EF1319/EF1319ZZZO.JPG|images/EF1319/EF1319ZZZZL.JPG,Purple Wave,https://www.purplewave.com/auction/260903/item/EF1319
YA1858,semi_tractor,2018,Kenworth,T680,Truck Tractor,10230.0,9300.0,0.1,2026-09-03,37,Lumberton,NC,1XKYDP9X4JJ135580,665808,,Windshield chipped or cracked,12.9L,Diesel,,Tandem,Air- Dump valves,Air,"52,350 lbs","228""","2018 Kenworth T680 semi truck
- Miles: 665,808 on odometer
- VIN: 1XKYDP9X4JJ135580
- Unit #: 98205245
Engine- Paccar MX-13
- Displacement: 12.9L
- Cylinders: 6
- Fuel type: Diesel
- Engine brake
Transmission- Automatic
Chassis- Axles: Tandem
- Gear ratio: 2.46
- Differential lock: Inter-axle
- Suspension: Air- Dump valves

- Brakes: Air
- GVWR: 52,350 lbs
- Wheelbase: 228""
Interior- AC, Heat
- Heated mirrors
- Power windows, Power locks
- Cruise control
- Air ride cab
- Sleeper- Sleeper length: 53""
- Beds: Double bunk
- Refrigerator
- Rear climate control

- Auxiliary power unit- Tripac Evolution
- Engine- Yanmar D458

Features- Deck plate: Aluminum
- Fifth wheel type: Air operated, Sliding
- Fuel tank: Dual
Tires- Front: 275/80R22.5
- Rear: 295/75R22.5
Notes- Dash warning indicator: Check engine
- Windshield chipped or cracked
- Driver door electrical controls missing
- Non-operational unit- Unit must be towed or hauled

Repossessed item, stored at a secured facility 
Please review REQUIRED REMOVAL INSTRUCTIONS
Titles will be distributed after confirmation of payment and removal.
Florida title
Title distribution may be delayed up to 30 days from verification of funds.",6,136,images/YA1858/YA1858.JPG|images/YA1858/YA1858ZA.JPG|images/YA1858/YA1858ZZB.JPG|images/YA1858/YA1858ZZZC.JPG|images/YA1858/YA1858ZZZZD.JPG|images/YA1858/YA1858ZZZZZE.JPG,Purple Wave,https://www.purplewave.com/auction/260903/item/YA1858
FC1742,semi_tractor,1983,Freightliner,FLT,Truck Tractor,3080.0,2800.0,0.1,2026-09-03,15,Sedalia,MO,1FUEYBYB1DP215635,,,,14.0L,Diesel,,Tandem,Spring,Air,,"144""","1983 Freightliner FLT semi truck
- Miles: Unknown
- VIN: 1FUEYBYB1DP215635
Engine- Cummins NTC
- Displacement: 14.0L
- Cylinders: 6
- Fuel type: Diesel
- HP: 300
Transmission- Model: RT11609A
- Manual
- Speed: 9
Chassis- Axles: Tandem
- Differential lock: Inter-axle
- Suspension: Spring
- Brakes: Air
- PTO
- Truck chassis: 13' 2""
- Wheelbase: 144""
Interior- Heat
- Brake controller
Features- Fifth wheel type: Hydraulic lift
- Fuel tank: Dual
Tires- Front: 11R22.5
- Rear: 295/75R22.5
Notes- Possible engine issues, belt damaged
- Jump start required during on-site data collection
- Throttle pedal issues, sticks
- Non-operational odometer
- Non-operational power passenger window
Missouri title
Mileage has not been verified. Exempt will be written in the odometer disclosure on the title.
Title distribution may be delayed up to 14 days from verification of funds.",6,91,images/FC1742/FC1742.JPG|images/FC1742/FC1742R.JPG|images/FC1742/FC1742ZJ.JPG|images/FC1742/FC1742ZZB.JPG|images/FC1742/FC1742ZZT.JPG|images/FC1742/FC1742ZZZL.JPG,Purple Wave,https://www.purplewave.com/auction/260903/item/FC1742
YA4059,semi_tractor,2017,Peterbilt,579,Truck Tractor,10450.0,9500.0,0.1,2026-09-03,49,Central,LA,1XPBDP9X2HD421081,553148,16623,Non-operational AC,12.9L,Diesel,,Tandem,Air- Dump valves,Air,"50,500 lbs- FAWR: 12,500 lbs",,"2017 Peterbilt 579 semi truck
- Miles: 553,148 on odometer
- Hours: 16,623 on meter
- VIN: 1XPBDP9X2HD421081
- Unit #: 46035376
Engine- Paccar MX-13
- Displacement: 12.9L
- Cylinders: 6
- Fuel type: Diesel
- HP: 405
- Engine brake
Transmission- Eaton Fuller
- Manual
- Speed: 10
Chassis- Axles: Tandem
- Differential lock: Inter-axle
- Suspension: Air- Dump valves

- Brakes: Air
- GVWR: 50,500 lbs- FAWR: 12,500 lbs
- IAWR: 19,000 lbs
- RAWR: 19,000 lbs

Interior- AC, Heat
- Heated mirrors
- Power windows, Power locks
- Cruise control
- Air ride cab
Features- Fifth wheel type: Air operated, Sliding
- Fuel tank: Dual
Tires- Size: 295/75R22.5
Notes- Dash warning indicator: Check engine
- Non-operational AC
Fleet inventory reduction, stored at a secured facility 
Please review REQUIRED REMOVAL INSTRUCTIONS
Seller is a Florida licensed motor vehicle dealer. The buyer may be required to pay sales tax and/or registration fees to the dealer prior to taking possession.
Titles will be distributed after confirmation of payment and removal.
West Virginia title
Title distribution may be delayed up to 30 days from verification of funds.",6,69,images/YA4059/YA4059.JPG|images/YA4059/YA4059N.JPG|images/YA4059/YA4059ZA.JPG|images/YA4059/YA4059ZO.JPG|images/YA4059/YA4059ZZB.JPG|images/YA4059/YA4059ZZP.JPG,Purple Wave,https://www.purplewave.com/auction/260903/item/YA4059
EF1311,semi_tractor,2015,Kenworth,T680,Truck Tractor,6270.0,5700.0,0.1,2026-09-03,33,Russellville,TN,1XKYDP9X3FJ435120,1099304,,Jump start required during on-site data collection,12.9L,Diesel,,Tandem,Air,Air,"53,200 lbs",,"2015 Kenworth T680 semi truck
- Miles: 1,099,304 on odometer
- VIN: 1XKYDP9X3FJ435120
Engine- Paccar MX-13
- Displacement: 12.9L
- Cylinders: 6
- Fuel type: Diesel
Transmission- Eaton Fuller
- Automated manual
Chassis- Axles: Tandem
- Differential lock: Inter-axle
- Suspension: Air
- Brakes: Air
- Truck chassis: 156""
- GVWR: 53,200 lbs
Interior- AC, Heat
- Power windows, Power locks
- Cruise control
- Air ride cab
- Sleeper- Sleeper length: 64""
- Beds: Double bunk
- Rear climate control

Features- Deck plate: Aluminum
- Fifth wheel type: Air operated, Sliding
- Fuel tank: Dual
Tires- Size: 295/75R22.5
Notes- Front bumper missing
- Hood damaged
- Passenger side fuel cap missing
- Dash panels removed but included
- Dash warning indicator: Check engine
- Jump start required during on-site data collection
- Rear brake issues, seized
- Unit must be towed or hauled
Tennessee title
Title distribution may be delayed up to 30 days from verification of funds.",6,116,images/EF1311/EF1311.JPG|images/EF1311/EF1311W.JPG|images/EF1311/EF1311ZT.JPG|images/EF1311/EF1311ZZQ.JPG|images/EF1311/EF1311ZZZN.JPG|images/EF1311/EF1311ZZZZK.JPG,Purple Wave,https://www.purplewave.com/auction/260903/item/EF1311
FK4114,semi_tractor,2004,Freightliner,Columbia,Truck Tractor,7700.0,7000.0,0.1,2026-09-03,29,Galesburg,IL,1FUJA6CV54LM38957,619502,19298,,12.8L,Diesel,,Tandem,Air- Dump valves,Air,,,"2004 Freightliner Columbia semi truck
- Miles: 619,502 on odometer
- Hours: 19,298 on meter
- VIN: 1FUJA6CV54LM38957
Engine- Mercedes Benz MBE4000
- Serial: 2MBXH12.BDJA
- Displacement: 12.8L
- Cylinders: 6
- Fuel type: Diesel
- Engine brake
Transmission- Eaton Fuller
- Manual
- Speed: 10
Chassis- Axles: Tandem
- Differential lock: Inter-axle
- Suspension: Air- Dump valves

- Brakes: Air
Interior- AC, Heat
- Heated mirrors
- Cruise control
- Air ride cab
Features- Fifth wheel type: Fixed
- Fuel tank: Single
Tires- Size: 295/75R22.5
Illinois title
Title distribution may be delayed up to 14 days from verification of funds.",6,100,images/FK4114/FK4114.JPG|images/FK4114/FK4114T.JPG|images/FK4114/FK4114ZN.JPG|images/FK4114/FK4114ZZG.JPG|images/FK4114/FK4114ZZZA.JPG|images/FK4114/FK4114ZZZU.JPG,Purple Wave,https://www.purplewave.com/auction/260903/item/FK4114
YA0958,semi_tractor,2013,Freightliner,Cascadia,Truck Tractor,1430.0,1300.0,0.1,2026-09-03,17,Lumberton,NC,1FUJGLDR2DLBR6145,1112539,,,14.8L,Diesel,,Tandem,Air- Dump valves,Air,"53,300 lbs- FAWR: 13,300 lbs",,"2013 Freightliner Cascadia semi truck
- Miles: 1,112,539 on odometer
- VIN: 1FUJGLDR2DLBR6145
- Unit #: 69466885
Engine- Detroit Diesel DD15
- Displacement: 14.8L
- Cylinders: 6
- Fuel type: Diesel
- HP: 475
- Engine brake
Transmission- Eaton Fuller Smart Shift
- Automated manual
Chassis- Axles: Tandem
- Differential lock: Inter-axle
- Suspension: Air- Dump valves

- Brakes: Air
- GVWR: 53,300 lbs- FAWR: 13,300 lbs
- IAWR: 20,000 lbs
- RAWR: 20,000 lbs

Interior- AC, Heat
- Heated mirrors
- Power windows
- Cruise control
- Air ride cab
- Sleeper- Sleeper length: 60""
- Beds: Double bunk
- Rear climate control

Features- Fifth wheel type: Air operated, Sliding
- Fuel tank: Dual
Tires- Size: 295/75R22.5
- Rear: 275/80R22.5, 295/75R22.5
Notes- Windshield chipped or cracked
- Jump start required during on-site data collection
- Non-operational unit- Unit must be towed or hauled

Repossessed item, stored at a secured facility 
Please review REQUIRED REMOVAL INSTRUCTIONS
Titles will be distributed after confirmation of payment and removal.
North Carolina title
Title distribution may be delayed up to 30 days from verification of funds.",6,85,images/YA0958/YA0958.JPG|images/YA0958/YA0958Q.JPG|images/YA0958/YA0958ZH.JPG|images/YA0958/YA0958ZX.JPG|images/YA0958/YA0958ZZO.JPG|images/YA0958/YA0958ZZZF.JPG,Purple Wave,https://www.purplewave.com/auction/260903/item/YA0958
YA1532,semi_tractor,2018,Volvo,VNL,Truck Tractor,8910.0,8100.0,0.1,2026-09-03,52,Spartanburg,SC,4V4NC9EH0JN886720,,,,12.8L,Diesel,,Tandem,Air- Dump valves,Air,,,"2018 Volvo VNL semi truck
- Miles: Unknown
- VIN: 4V4NC9EH0JN886720
- Unit #: 92512005
Engine- Volvo D13
- Displacement: 12.8L
- Cylinders: 6
- Fuel type: Diesel
- Engine brake
Transmission- Automated manual
Chassis- Axles: Tandem
- Differential lock: Inter-axle
- Suspension: Air- Dump valves

- Brakes: Air
Interior- AC, Heat
- Heated mirrors
- Power windows, Power locks
- Cruise control
- Air ride cab
- Sleeper- Sleeper length: 60""
- Beds: Double bunk, Fold out sofa
- Rear climate control

Features- Deck plate: Aluminum
- Fifth wheel type: Air operated, Sliding
- Fuel tank: Dual
Tires- Size: 295/75R22.5
Notes- Dead battery
- Unknown operating condition
Repossessed item, stored at a secured facility 
Please review REQUIRED REMOVAL INSTRUCTIONS
Titles will be distributed after confirmation of payment and removal.
Indiana title
Mileage has not been verified. Odometer discrepancy will be marked on the title.
Title distribution may be delayed up to 30 days from verification of funds.",6,66,images/YA1532/YA1532.JPG|images/YA1532/YA1532M.JPG|images/YA1532/YA1532Z.JPG|images/YA1532/YA1532ZM.JPG|images/YA1532/YA1532ZZ.JPG|images/YA1532/YA1532ZZM.JPG,Purple Wave,https://www.purplewave.com/auction/260903/item/YA1532
FC2497,semi_tractor,2008,Peterbilt,386,Truck Tractor,7370.0,6700.0,0.1,2026-09-03,25,Amarillo,TX,1XPHD49X28D753062,1156988,,,14.9L,Diesel,,Triple,Air- Dump valves,Air,"52,000 lbs- FAWR: 12,000 lbs",,"2008 Peterbilt 386 semi truck
- Miles: 1,156,988 on odometer
- VIN: 1XPHD49X28D753062
Engine- Cummins ISX
- Displacement: 14.9L
- Cylinders: 6
- Fuel type: Diesel
- Engine brake
Transmission- Eaton Fuller
- Manual
- Speed: 13
Chassis- Axles: Triple
- Steerable
- Differential lock: Inter-axle
- Suspension: Air- Dump valves

- Brakes: Air
- PTO
- Wet kit
- GVWR: 52,000 lbs- FAWR: 12,000 lbs
- IAWR: 19,000 lbs
- RAWR: 19,000 lbs
- Lift axle GAWR: 11,020 lbs

Interior- AC, Heat
- Power windows, Power locks
- Cruise control
- Air ride cab
- Sleeper- Sleeper length: 52""
- Beds: Single
- Rear climate control

Features- Deck plate: Aluminum
- Fifth wheel type: Air operated, Sliding
- Fuel tank: Dual
Tires- Size: 11R22.5
Notes- Windshield chipped or cracked
- Unit must be towed or hauled
- Non-operational unit
Kansas title
Title distribution may be delayed up to 14 days from verification of funds.",6,142,images/FC2497/FC2497.JPG|images/FC2497/FC2497ZB.JPG|images/FC2497/FC2497ZZD.JPG|images/FC2497/FC2497ZZZG.JPG|images/FC2497/FC2497ZZZZI.JPG|images/FC2497/FC2497ZZZZZK.JPG,Purple Wave,https://www.purplewave.com/auction/260903/item/FC2497
YA3615,semi_tractor,2019,Freightliner,Cascadia,Truck Tractor,3850.0,3500.0,0.1,2026-09-03,9,Montgomery,AL,3AKJHHDR2KSKF3643,1077264,24635,,14.8L,Diesel,,Tandem,Air- Dump valves,Air,"52,000 lbs- FAWR: 12,000 lbs",,"2019 Freightliner Cascadia semi truck
- Miles: 1,077,264 on odometer
- Hours: 24,635 on meter
- VIN: 3AKJHHDR2KSKF3643
- Unit #: 54054196
Engine- Detroit Diesel DD15
- Displacement: 14.8L
- Cylinders: 6
- Fuel type: Diesel
- HP: 505
- Engine brake
Transmission- Automated manual
Chassis- Axles: Tandem
- Gear ratio: 2.47
- Differential lock: Inter-axle
- Suspension: Air- Dump valves

- Brakes: Air
- GVWR: 52,000 lbs- FAWR: 12,000 lbs
- IAWR: 20,000 lbs
- RAWR: 20,000 lbs

Interior- AC, Heat
- Heated mirrors
- Power windows, Power locks
- Cruise control
- Air ride cab
- Sleeper- Sleeper length: 70""
- Beds: Double bunk
- TV
- Rear climate control

- Auxiliary power unit- Thermo King TriPac Evolution

Features- Fifth wheel type: Air operated, Sliding
- Fuel tank: Dual
Tires- Size: 295/75R22.5
Notes- Driveshaft disconnected- Parts may be missing

- Possible engine issues, seized
- Dash warning indicator: Check engine, Stop
- Windshield chipped or cracked
- Jump start required during on-site data collection
- Non-operational unit- Unit must be towed or hauled

Repossessed item, stored at a secured facility 
Please review REQUIRED REMOVAL INSTRUCTIONS
Lender owned. Item condition and history are unknown. No additional information is available.
Titles will be distributed after confirmation of payment and removal.
West Virginia title
Title distribution may be delayed up to 30 days from verification of funds.",6,96,images/YA3615/YA3615.JPG|images/YA3615/YA3615S.JPG|images/YA3615/YA3615ZL.JPG|images/YA3615/YA3615ZZE.JPG|images/YA3615/YA3615ZZX.JPG|images/YA3615/YA3615ZZZQ.JPG,Purple Wave,https://www.purplewave.com/auction/260903/item/YA3615
FK4089,semi_tractor,1996,Freightliner,FLD,Truck Tractor,5060.0,4600.0,0.1,2026-09-03,21,Peoria,IL,1FUYDSYB9TP757170,132426,,,14.6L,Diesel,,Tandem,Air- Dump valves,Air,"52,000 lbs- FAWR: 12,000 lbs","202""","1996 Freightliner FLD semi truck
- Miles: 132,426 on odometer
- VIN: 1FUYDSYB9TP757170
Engine- Caterpillar 3406
- Displacement: 14.6L
- Cylinders: 6
- Fuel type: Diesel
Transmission- Eaton
- Manual
- Speed: 9
Chassis- Axles: Tandem
- Differential lock: Inter-axle
- Suspension: Air- Dump valves

- Brakes: Air
- PTO
- Wet kit
- GVWR: 52,000 lbs- FAWR: 12,000 lbs
- RAWR: 20,000 lbs

- Wheelbase: 202""
Interior- AC, Heat
- Heated mirrors
- Cruise control
- Air ride cab
Features- Deck plate: Aluminum
- Fifth wheel type: Air operated, Sliding
- Fuel tank: Single
Tires- Size: 11R22.5
Illinois title
Title distribution may be delayed up to 30 days from verification of funds.",6,117,images/FK4089/FK4089.JPG|images/FK4089/FK4089W.JPG|images/FK4089/FK4089ZT.JPG|images/FK4089/FK4089ZZR.JPG|images/FK4089/FK4089ZZZO.JPG|images/FK4089/FK4089ZZZZL.JPG,Purple Wave,https://www.purplewave.com/auction/260903/item/FK4089
YA3025,semi_tractor,2016,Freightliner,Cascadia,Truck Tractor,605.0,550.0,0.1,2026-09-03,2,Billerica,MA,1FUJGLD57GLGV4750,,,,14.8L,Diesel,,Tandem,Air- Dump valves,Air,"52,000 lbs- FAWR: 12,000 lbs","240""","2016 Freightliner Cascadia semi truck
- Miles: Unknown
- VIN: 1FUJGLD57GLGV4750
- Unit #: 48296506
Engine- Detroit Diesel
- Displacement: 14.8L
- Cylinders: 6
- Fuel type: Diesel
- Engine brake
Transmission- Eaton Fuller
- Manual
- Speed: 10
Chassis- Axles: Tandem
- Gear ratio: 2.53
- Differential lock: Inter-axle
- Suspension: Air- Dump valves

- Brakes: Air
- GVWR: 52,000 lbs- FAWR: 12,000 lbs
- IAWR: 20,000 lbs
- RAWR: 20,000 lbs

- Wheelbase: 240""
Interior- AC, Heat
- Heated mirrors
- Power windows, Power locks
- Cruise control
- Air ride cab
- Auxiliary controls
- Sleeper- Sleeper length: 60""
- Beds: Single
- Refrigerator
- Rear climate control

Features- Deck plate: Aluminum
- Fifth wheel type: Air operated, Sliding
- Fuel tank: Dual
Tires- Size: 275/80R22.5
Notes- Dead battery
- Engine partially disassembled- Parts may be missing

- Passenger door switch panel missing
- Non-operational unit- Unit must be towed or hauled

Repossessed item, stored at a secured facility 
Please review REQUIRED REMOVAL INSTRUCTIONS
Titles will be distributed after confirmation of payment and removal.
Massachusetts title
Mileage has not been verified. Odometer discrepancy will be marked on the title.
Title distribution may be delayed up to 30 days from verification of funds.",6,90,images/YA3025/YA3025.JPG|images/YA3025/YA3025R.JPG|images/YA3025/YA3025ZJ.JPG|images/YA3025/YA3025ZZA.JPG|images/YA3025/YA3025ZZS.JPG|images/YA3025/YA3025ZZZK.JPG,Purple Wave,https://www.purplewave.com/auction/260903/item/YA3025
EF1312,semi_tractor,2016,Kenworth,T680,Truck Tractor,9680.0,8800.0,0.1,2026-09-03,37,Russellville,TN,1XKYDP9X3GJ444482,912072,,,12.9L,Diesel,,Tandem,Air,Air,"52,000 lbs",,"2016 Kenworth T680 semi truck
- Miles: 912,072 on odometer
- VIN: 1XKYDP9X3GJ444482
Engine- Paccar MX-13
- Displacement: 12.9L
- Cylinders: 6
- Fuel type: Diesel
Transmission- Eaton Fuller
- Manual
- Speed: 10
Chassis- Axles: Tandem
- Differential lock: Inter-axle
- Suspension: Air
- Brakes: Air
- Truck chassis: 153""
- GVWR: 52,000 lbs
Interior- AC, Heat
- Power windows, Power locks
- Cruise control
- Air ride cab
- Sleeper- Sleeper length: 54""
- Beds: Double bunk
- Rear climate control

Features- Deck plate: Aluminum
- Fifth wheel type: Air operated, Sliding
- Fuel tank: Dual
Tires- Size: 295/75R22.5
Notes- Rear drivers side damaged
- Jump start required during on-site data collection
Tennessee title
Title distribution may be delayed up to 30 days from verification of funds.",6,117,images/EF1312/EF1312.JPG|images/EF1312/EF1312W.JPG|images/EF1312/EF1312ZT.JPG|images/EF1312/EF1312ZZR.JPG|images/EF1312/EF1312ZZZO.JPG|images/EF1312/EF1312ZZZZL.JPG,Purple Wave,https://www.purplewave.com/auction/260903/item/EF1312
EO8685,semi_tractor,2006,Volvo,VNM,Truck Tractor,2860.0,2600.0,0.1,2026-09-03,30,Harrisonville,MO,4V4M19GF26N426561,1701688,,,12.13L,Diesel,,Single,Air- Dump valves,Air,"32,000 lbs- FAWR: 12,000 lbs",,"2006 Volvo VNM semi truck
- Miles: 1,701,688 on odometer
- VIN: 4V4M19GF26N426561
Engine- Volvo VE D12
- Displacement: 12.13L
- Cylinders: 6
- Fuel type: Diesel
Transmission- Eaton Fuller
- Manual
- Speed: 10
Chassis- Axles: Single
- Suspension: Air- Dump valves

- Brakes: Air
- GVWR: 32,000 lbs- FAWR: 12,000 lbs
- RAWR: 20,000 lbs

Interior- AC, Heat
- Heated mirrors
- Cruise control
- Brake controller
Features- Fifth wheel type: Air operated, Sliding
- Fuel tank: Dual
Tires- Size: 295/75R22.5
Notes- Dash warning indicator: Traction control, Airbag
Missouri title
Seller is a Missouri licensed motor vehicle dealer. The buyer may be required to pay sales tax and/or registration fees to the dealer prior to taking possession. Buyers may be required to provide identification to the licensed dealer to comply with state laws. Title will be assigned and distributed by the dealer. Please contact the seller for distribution questions.",6,80,images/EO8685/EO8685.JPG|images/EO8685/EO8685P.JPG|images/EO8685/EO8685ZF.JPG|images/EO8685/EO8685ZU.JPG|images/EO8685/EO8685ZZK.JPG|images/EO8685/EO8685ZZZA.JPG,Purple Wave,https://www.purplewave.com/auction/260903/item/EO8685
YA1038,semi_tractor,2018,Kenworth,T680,Truck Tractor,9680.0,8800.0,0.1,2026-09-03,47,Cartersville,GA,1XKYDP9X7JJ189603,768786,,Possible electrical issues,12.9L,Diesel,,Tandem,Air- Dump valves,Air,"52,000 lbs- FAWR: 12,000 lbs",,"2018 Kenworth T680 semi truck
- Miles: 768,786 on odometer
- VIN: 1XKYDP9X7JJ189603
- Unit #: 94109495
Engine- Paccar MX-13
- Displacement: 12.9L
- Cylinders: 6
- Fuel type: Diesel
- HP: 430
- Engine brake
Transmission- Automatic
Chassis- Axles: Tandem
- Differential lock: Inter-axle
- Suspension: Air- Dump valves

- Brakes: Air
- GVWR: 52,000 lbs- FAWR: 12,000 lbs
- IAWR: 20,000 lbs
- RAWR: 20,000 lbs

Interior- AC, Heat
- Heated mirrors
- Power windows, Power locks
- Cruise control
- Air ride cab
- Sleeper- Sleeper length: 60""
- Beds: Double bunk
- Rear climate control

Features- Deck plate: Steel
- Fifth wheel type: Air operated, Sliding
- Fuel tank: Single
Tires- Size: 295/75R22.5
Notes- Dash warning indicator: Check engine
- Possible electrical issues
- Driver side door power window and lock selectors missing
- Unknown operating condition- Unit must be towed or hauled

Repossessed item, stored at a secured facility 
Please review REQUIRED REMOVAL INSTRUCTIONS
Titles will be distributed after confirmation of payment and removal.
Georgia title
Title distribution may be delayed up to 30 days from verification of funds.",6,87,images/YA1038/YA1038.JPG|images/YA1038/YA1038Q.JPG|images/YA1038/YA1038ZH.JPG|images/YA1038/YA1038ZZ.JPG|images/YA1038/YA1038ZZQ.JPG|images/YA1038/YA1038ZZZH.JPG,Purple Wave,https://www.purplewave.com/auction/260903/item/YA1038
DY3084,semi_tractor,1990,International,9400,Truck Tractor,6270.0,5700.0,0.1,2026-09-03,40,Great Bend,KS,2HSFHACR6LC039392,259283,,,,Diesel,,Tandem,Air- Dump valves,Air,"50,000 lbs- FAWR: 12,000 lbs",,"1990 International 9400 semi truck
- Miles: 259,283 on odometer
- VIN: 2HSFHACR6LC039392
Engine- Cummins
- Cylinders: 6
- Fuel type: Diesel
Transmission- Manual
- Speed: 9
Chassis- Axles: Tandem
- Differential lock: Inter-axle
- Suspension: Air- Dump valves

- Brakes: Air
- PTO
- Wet kit
- GVWR: 50,000 lbs- FAWR: 12,000 lbs
- IAWR: 19,000 lbs
- RAWR: 19,000 lbs

Interior- AC, Heat
- Heated mirrors
- Brake controller
- Sleeper- Sleeper length: 40""
- Beds: Single

Features- Fifth wheel type: Air operated, Sliding
- Fuel tank: Dual
Tires- Size: 11R22.5
Kansas title
Title distribution may be delayed up to 14 days from verification of funds.",6,105,images/DY3084/DY3084.JPG|images/DY3084/DY3084U.JPG|images/DY3084/DY3084ZP.JPG|images/DY3084/DY3084ZZJ.JPG|images/DY3084/DY3084ZZZE.JPG|images/DY3084/DY3084ZZZZ.JPG,Purple Wave,https://www.purplewave.com/auction/260903/item/DY3084
FB5021,semi_tractor,1998,Freightliner,FLD120,Truck Tractor,10340.0,9400.0,0.1,2026-09-03,63,Collinsville,OK,1FUWDMCA8WP902866,138419,,,10.8L,Diesel,,Single,Air,Air,,,"1998 Freightliner FLD120 semi truck
- Miles: 138,419 on odometer
- VIN: 1FUWDMCA8WP902866
Engine- Cummins M11
- Serial: 34870370
- Displacement: 10.8L
- Cylinders: 6
- Fuel type: Diesel
- HP: 276
Transmission- Rockwell
- Manual
- Speed: 10
Chassis- Axles: Single
- Single axle differential lock
- Suspension: Air
- Brakes: Air
Interior- AC, Heat
- Heated mirrors
- Cruise control
- Air ride cab
Features- Deck plate: Steel
- Fifth wheel type: Fixed
- Fuel tank: Dual
Tires- Size: 295/75R22.5
Oklahoma classic  title
Title distribution may be delayed up to 30 days from verification of funds.",6,72,images/FB5021/FB5021.JPG|images/FB5021/FB5021N.JPG|images/FB5021/FB5021ZB.JPG|images/FB5021/FB5021ZQ.JPG|images/FB5021/FB5021ZZE.JPG|images/FB5021/FB5021ZZS.JPG,Purple Wave,https://www.purplewave.com/auction/260903/item/FB5021
FC1851,semi_tractor,2006,International,9400i,Truck Tractor,7590.0,6900.0,0.1,2026-09-03,34,Silex,MO,3HSCNAPR06N140727,830450,23074,,15L,Diesel,,Tandem,Air- Dump valves,Air,"52,000 lbs- FAWR: 12,000 lbs","229""","2006 International 9400i semi truck
- Miles: 830,450 on odometer
- Hours: 23,074 on meter
- VIN: 3HSCNAPR06N140727
Engine- Cummins ISX
- Serial: 79096608
- Displacement: 15L
- Cylinders: 6
- Fuel type: Diesel
- HP: 435
- Engine brake
Transmission- Eaton Fuller
- Manual
- Speed: 10
Chassis- Axles: Tandem
- Differential lock: Inter-axle
- Suspension: Air- Dump valves

- Brakes: Air
- PTO
- Truck chassis: 17' 6""
- GVWR: 52,000 lbs- FAWR: 12,000 lbs
- IAWR: 20,000 lbs
- RAWR: 40,000 lbs

- Wheelbase: 229""
Interior- AC, Heat
- Heated mirrors
- Cruise control
- Air ride cab
- Brake controller
Features- Deck plate: Aluminum
- Fifth wheel type: Air operated, Sliding
- Fuel tank: Dual
Tires- Front: 295/75R22.5
- Rear: 11R22.5
Notes- Windshield chipped or cracked
- Oil leak
- PTO pump missing
- Driver seat issues, loose
Missouri title
Title distribution may be delayed up to 14 days from verification of funds.",6,108,images/FC1851/FC1851.JPG|images/FC1851/FC1851U.JPG|images/FC1851/FC1851ZQ.JPG|images/FC1851/FC1851ZZL.JPG|images/FC1851/FC1851ZZZH.JPG|images/FC1851/FC1851ZZZZC.JPG,Purple Wave,https://www.purplewave.com/auction/260903/item/FC1851
YA2488,semi_tractor,2019,Freightliner,Cascadia 126,Truck Tractor,8800.0,8000.0,0.1,2026-09-03,41,Corpus Christi,TX,3AKJHHDR0KSKB3903,864935,,,14.8L,Diesel,,Tandem,Air- Dump valves,Air,"52,000 lbs- FAWR: 12,500 lbs",,"2019 Freightliner Cascadia 126 semi truck
- Miles: 864,935 on odometer
- VIN: 3AKJHHDR0KSKB3903
- Unit #: 77386175
Engine- Detroit Diesel  DD15
- Displacement: 14.8L
- Cylinders: 6
- Fuel type: Diesel
- HP: 505
- Engine brake
Transmission- Automated manual
Chassis- Axles: Tandem
- Differential lock: Inter-axle
- Suspension: Air- Dump valves

- Brakes: Air
- GVWR: 52,000 lbs- FAWR: 12,500 lbs
- IAWR: 40,000 lbs
- RAWR: 20,000 lbs

Interior- AC, Heat
- Heated mirrors
- Power locks
- Cruise control
- Air ride cab
- Sleeper- Sleeper length: 60""
- Beds: Double bunk
- Microwave
- Rear climate control

- Auxiliary power unit- ThermoKing Tripac

Features- Deck plate: Aluminum
- Fifth wheel type: Air operated, Sliding
- Fuel tank: Dual
Tires- Front: 295/75R22.5
- Rear: 275/80R22.5
Notes- Passenger seat missing
- Dash warning indicator: Check engine, ABS, Brake, Traction control
- Windshield chipped or cracked
- Tires flat
- Unknown operating condition- Unit must be towed or hauled

Repossessed item, stored at a secured facility 
Please review REQUIRED REMOVAL INSTRUCTIONS
Lender owned. Item condition and history are unknown. No additional information is available.
Titles will be distributed after confirmation of payment and removal.
Indiana title
Title distribution may be delayed up to 30 days from verification of funds.",6,118,images/YA2488/YA2488.JPG|images/YA2488/YA2488W.JPG|images/YA2488/YA2488ZU.JPG|images/YA2488/YA2488ZZR.JPG|images/YA2488/YA2488ZZZP.JPG|images/YA2488/YA2488ZZZZM.JPG,Purple Wave,https://www.purplewave.com/auction/260903/item/YA2488
FT6111,semi_tractor,2019,Kenworth,T680,Truck Tractor,28600.0,26000.0,0.1,2026-09-03,62,Moscow Mills,MO,1XKYDP9X8KJ237353,679180,35202,,12.9L,Diesel,,Tandem,Air,Air,"52,350 lbs- FAWR: 12,350 lbs",,"2019 Kenworth T680 semi truck
- Miles: 679,180 on odometer
- Hours: 35,202 on meter
- VIN: 1XKYDP9X8KJ237353
Engine- Paccar MX-13
- Displacement: 12.9L
- Cylinders: 6
- Fuel type: Diesel
- Engine brake
Transmission- Automatic
Chassis- Axles: Tandem
- Differential lock: Inter-axle
- Suspension: Air
- Brakes: Air
- GVWR: 52,350 lbs- FAWR: 12,350 lbs
- IAWR: 20,000 lbs
- RAWR: 20,000 lbs

Interior- AC, Heat
- Heated mirrors
- Power windows, Power locks
- Cruise control
- Air ride cab
- Sleeper- Sleeper length: 60""
- Beds: Double bunk
- Refrigerator
- Rear climate control

Features- Deck plate: Aluminum
- Fifth wheel type: Fixed
- Fuel tank: Dual
Tires- Size: 295/75R22.5
Missouri title
Seller is a Missouri licensed motor vehicle dealer. The buyer may be required to pay sales tax and/or registration fees to the dealer prior to taking possession. Buyers may be required to provide identification to the licensed dealer to comply with state laws. Title will be assigned and distributed by the dealer. Please contact the seller for distribution questions.
Title distribution may be delayed up to 30 days from verification of funds.",6,89,images/FT6111/FT6111.JPG|images/FT6111/FT6111R.JPG|images/FT6111/FT6111ZI.JPG|images/FT6111/FT6111ZZA.JPG|images/FT6111/FT6111ZZR.JPG|images/FT6111/FT6111ZZZJ.JPG,Purple Wave,https://www.purplewave.com/auction/260903/item/FT6111
YA1298,semi_tractor,2019,Freightliner,Cascadia,Truck Tractor,8360.0,7600.0,0.1,2026-09-03,50,Greenwell Springs,LA,3AKJHHDR3KSKB3877,988848,,,14.8L,Diesel,,Tandem,Air- Dump valves,Air,"52,000 lbs",,"2019 Freightliner Cascadia  semi truck
- Miles: 988,848 on odometer
- VIN: 3AKJHHDR3KSKB3877
- Unit #: 86525055
Engine- Detroit Diesel DD15
- Displacement: 14.8L
- Cylinders: 6
- Fuel type: Diesel
- Engine brake
Transmission- Automated manual
Chassis- Axles: Tandem
- Differential lock: Inter-axle
- Suspension: Air- Dump valves

- Brakes: Air
- GVWR: 52,000 lbs
Interior- AC, Heat
- Heated mirrors
- Power windows
- Cruise control
- Air ride cab
- Sleeper- Sleeper length: 60""
- Beds: Double bunk
- Rear climate control

Features- Deck plate: Steel
- Fifth wheel type: Air operated, Sliding
- Fuel tank: Dual
Tires- Size: 295/75R22.5
Notes- Dash warning indicator: Check engine, Traction control, Stability controls
- Windshield chipped or cracked
- Exhaust leak
- Emissions system modified
Repossessed item, stored at a secured facility 
Please review REQUIRED REMOVAL INSTRUCTIONS
Titles will be distributed after confirmation of payment and removal.
Texas title
Title distribution may be delayed up to 30 days from verification of funds.",6,91,images/YA1298/YA1298.JPG|images/YA1298/YA1298R.JPG|images/YA1298/YA1298ZJ.JPG|images/YA1298/YA1298ZZB.JPG|images/YA1298/YA1298ZZT.JPG|images/YA1298/YA1298ZZZL.JPG,Purple Wave,https://www.purplewave.com/auction/260903/item/YA1298
FC1750,semi_tractor,2017,Volvo,VNL,Truck Tractor,6160.0,5600.0,0.1,2026-09-03,31,New Bloomfield,MO,4V4NC9EH7HN974402,900297,19347,,12.8L,Diesel,,Tandem,Air- Dump valves,Air,"50,000 lbs- FAWR: 12,000 lbs","184""","2017 Volvo VNL semi truck
- Miles: 900,297 on odometer
- Hours: 19,347 on meter
- VIN: 4V4NC9EH7HN974402
Engine- Volvo D13J
- Serial: 1153296
- Displacement: 12.8L
- Cylinders: 6
- Fuel type: Diesel
Transmission- Volvo AT2612D
- Automated manual
- Speed: 12
Chassis- Axles: Tandem
- Differential lock: Inter-axle
- Suspension: Air- Dump valves

- Brakes: Air
- GVWR: 50,000 lbs- FAWR: 12,000 lbs
- RAWR: 38,000 lbs

- Wheelbase: 184""
Interior- AC, Heat
- Heated mirrors
- Cruise control
- Air ride cab
- Brake controller
Features- Deck plate: Aluminum
- Fifth wheel type: Air operated, Sliding
- Fuel tank: Dual
Tires- Front: 275/80R22.5
- Rear: 295/75R22.5
Notes- Dash warning indicator: Gearselector ECU maintenance required
- Windshield chipped or cracked
Virginia title
Seller is a Missouri licensed motor vehicle dealer. The buyer may be required to pay sales tax and/or registration fees to the dealer prior to taking possession. Buyers may be required to provide identification to the licensed dealer to comply with state laws. Title will be assigned and distributed by the dealer. Please contact the seller for distribution questions.",6,99,images/FC1750/FC1750.JPG|images/FC1750/FC1750T.JPG|images/FC1750/FC1750ZM.JPG|images/FC1750/FC1750ZZG.JPG|images/FC1750/FC1750ZZZ.JPG|images/FC1750/FC1750ZZZT.JPG,Purple Wave,https://www.purplewave.com/auction/260903/item/FC1750
YA4214,semi_tractor,2019,Volvo,VNL,Truck Tractor,26950.0,24500.0,0.1,2026-09-03,41,Nampa,ID,4V4NC9EH0KN215551,340249,,,12.8L,Diesel,,Tandem,Air- Dump valves,Air,"53,200 lbs- FAWR: 13,200 lbs","205""","2019 Volvo VNL semi truck
- Miles: 340,249 on odometer
- VIN: 4V4NC9EH0KN215551
- Unit #: 61605326
Engine- Volvo D13M-455
- Serial: 1225262
- Displacement: 12.8L
- Cylinders: 6
- Fuel type: Diesel
- HP: 455
Transmission- Volvo ATO2612F
- Automated manual
Chassis- Axles: Tandem
- Gear ratio: 2.64
- Differential lock: Inter-axle
- Suspension: Air- Dump valves

- Brakes: Air
- GVWR: 53,200 lbs- FAWR: 13,200 lbs
- IAWR: 20,000 lbs
- RAWR: 20,000 lbs

- Wheelbase: 205""
Interior- AC, Heat
- Power windows, Power locks
- Cruise control
- Air ride cab
- Sleeper- Sleeper length: 42""
- Beds: Single

Features- Fifth wheel type: Fixed
- Fuel tank: Dual
Tires- Front: 275/80R22.5
- Rear: 445/50R22.5
Notes- Dash warning indicator: Check engine, ABS, Traction control
Fleet inventory reduction, stored at a Copart facility 
Please review REQUIRED REMOVAL INSTRUCTIONS
Titles will be distributed after confirmation of payment and removal.
West Virginia title
Title distribution may be delayed up to 30 days from verification of funds.",6,99,images/YA4214/YA4214.JPG|images/YA4214/YA4214T.JPG|images/YA4214/YA4214ZM.JPG|images/YA4214/YA4214ZZG.JPG|images/YA4214/YA4214ZZZ.JPG|images/YA4214/YA4214ZZZT.JPG,Purple Wave,https://www.purplewave.com/auction/260903/item/YA4214
EL2585,semi_tractor,2016,International,8600,Truck Tractor,5280.0,4800.0,0.1,2026-09-03,29,Long Beach,CA,3HSHXSNR8GN058965,545855,17267,,12.4L,Diesel,,Tandem,Air- Dump valves,Air,"52,000 lbs- FAWR: 12,000 lbs","171""","2016 International 8600 semi truck
- Miles: 545,855 on odometer
- Hours: 17,267 on meter
- VIN: 3HSHXSNR8GN058965
- Unit #: 392
Engine- Navistar A410
- Serial: 124KM2Y4402671
- Displacement: 12.4L
- Cylinders: 6
- Fuel type: Diesel
- HP: 410
- Engine brake
Transmission- Eaton Fuller FRF-14210B
- Manual
- Speed: 10
Chassis- Axles: Tandem
- Differential lock: Inter-axle
- Suspension: Air- Dump valves

- Brakes: Air
- PTO
- Wet kit
- GVWR: 52,000 lbs- FAWR: 12,000 lbs
- IAWR: 20,000 lbs
- RAWR: 20,000 lbs

- Wheelbase: 171""
Interior- AC, Heat
- Cruise control
- Air ride cab
Features- Deck plate: Aluminum
- Fifth wheel type: Air operated, Sliding
- Fuel tank: Single
Tires- Size: 11R22.5
Notes- Dash warning indicator: Check engine
California title
Title distribution may be delayed up to 30 days from verification of funds.",6,80,images/EL2585/EL2585.JPG|images/EL2585/EL2585P.JPG|images/EL2585/EL2585ZF.JPG|images/EL2585/EL2585ZU.JPG|images/EL2585/EL2585ZZK.JPG|images/EL2585/EL2585ZZZA.JPG,Purple Wave,https://www.purplewave.com/auction/260903/item/EL2585
FC4143,semi_tractor,2022,Freightliner,Cascadia 126,Truck Tractor,35750.0,32500.0,0.1,2026-09-03,57,Oklahoma City,OK,3AKJHHDV9NSNC5672,420365,9396,Windshield chipped or cracked,12.8L,Diesel,,Tandem,Air- Dump valves,Air,"52,500 lbs- FAWR: 12,500 lbs","229""","2022 Freightliner Cascadia 126 semi truck
- Miles: 420,365 on odometer
- Hours: 9,396 on meter
- VIN: 3AKJHHDV9NSNC5672
- Unit #: 22085
Engine- Detroit Diesel DD13
- Serial: 471928S0893698
- Displacement: 12.8L
- Cylinders: 6
- Fuel type: Diesel
- HP: 450
- Engine brake
Transmission- Detroit DT12-1650-OHL
- Automated manual
Chassis- Axles: Tandem
- Differential lock: Inter-axle
- Suspension: Air- Dump valves

- Brakes: Air
- PTO
- GVWR: 52,500 lbs- FAWR: 12,500 lbs
- IAWR: 20,000 lbs
- RAWR: 20,000 lbs

- Wheelbase: 229""
Interior- AC, Heat
- Heated mirrors
- Power windows, Power locks
- Cruise control
- Air ride cab
- Sleeper- Sleeper length: 63""
- Beds: Single
- Refrigerator
- Microwave
- Rear climate control

- Auxiliary power unit- Carrier Comfort Pro

Features- Deck plate: Aluminum
- Fifth wheel type: Fixed
- Fuel tank: Dual
Tires- Front: 295/75R22.5
- Rear: 445/50R22.5
Notes- Dash warning indicator: Check engine
- Windshield chipped or cracked
- Dead battery
- PTO pump missing
- Non-operational engine
- Possible cylinder issues
- Possible rod issues
- Unit must be towed or hauled
- Non-operational unit
Oklahoma title
Title distribution may be delayed up to 30 days from verification of funds.",6,90,images/FC4143/FC4143.JPG|images/FC4143/FC4143R.JPG|images/FC4143/FC4143ZJ.JPG|images/FC4143/FC4143ZZA.JPG|images/FC4143/FC4143ZZS.JPG|images/FC4143/FC4143ZZZK.JPG,Purple Wave,https://www.purplewave.com/auction/260903/item/FC4143
YA3949,semi_tractor,2020,Kenworth,T680,Truck Tractor,14300.0,13000.0,0.1,2026-09-03,34,Hurricane,WV,1XKYDP9X2LJ290731,620920,13639,,12.9L,Diesel,,Tandem,Air- Dump valves,Air,"52,350 lbs- FAWR: 12,350 lbs",,"2020 Kenworth T680 semi truck
- Miles: 620,920 on odometer
- Hours: 13,639 on meter
- VIN: 1XKYDP9X2LJ290731
- Unit #: 58057436
Engine- Paccar MX/MX-13
- Serial: Y197965
- Displacement: 12.9L
- Cylinders: 6
- Fuel type: Diesel
- HP: 405
- Engine brake
Transmission- Automated manual
Chassis- Axles: Tandem
- Gear ratio: 2.64
- Differential lock: Inter-axle
- Suspension: Air- Dump valves

- Brakes: Air
- GVWR: 52,350 lbs- FAWR: 12,350 lbs
- IAWR: 20,000 lbs
- RAWR: 20,000 lbs

Interior- AC, Heat
- Heated mirrors
- Power windows, Power locks
- Cruise control
- Air ride cab
- Sleeper- Sleeper length: 64""
- Beds: Double bunk
- Refrigerator
- Microwave
- Rear climate control

- Auxiliary power unit- Thermo King TriPac Evolution
- Engine- Yanmar TK270VFM

Features- Deck plate: Aluminum
- Fifth wheel type: Air operated, Sliding
- Fuel tank: Dual
Tires- Size: 295/75R22.5
Notes- Rear differential disassembled, parts may be missing
- Driveshaft disconnected
- Unit must be towed or hauled
- Dash warning indicator: ABS, Traction control
- Jump start required during on-site data collection
- Unknown operating condition
Repossessed item, stored at a secured facility 
Please review REQUIRED REMOVAL INSTRUCTIONS
Lender owned. Item condition and history are unknown. No additional information is available.
Titles will be distributed after confirmation of payment and removal.
Florida title
Title distribution may be delayed up to 30 days from verification of funds.",6,96,images/YA3949/YA3949.JPG|images/YA3949/YA3949S.JPG|images/YA3949/YA3949ZL.JPG|images/YA3949/YA3949ZZE.JPG|images/YA3949/YA3949ZZX.JPG|images/YA3949/YA3949ZZZQ.JPG,Purple Wave,https://www.purplewave.com/auction/260903/item/YA3949
YA1088,semi_tractor,2019,Peterbilt,567,Truck Tractor,18700.0,17000.0,0.1,2026-09-03,28,Charles City,VA,1XPCD49X1KD275704,360413,,,15.0L,Diesel,,Tandem,Air- Dump valves,Air,"53,200 lbs- FAWR: 13,200 lbs","206""","2019 Peterbilt 567 semi truck
- Miles: 360,413 on odometer
- VIN: 1XPCD49X1KD275704
- Unit #: 71872025
Engine- Cummins X15 525
- Serial: 80120973
- Displacement: 15.0L
- Cylinders: 6
- Fuel type: Diesel
- HP: 525
- Engine brake
Transmission- Eaton Fuller
- Manual
- Speed: 13
Chassis- Axles: Tandem
- Differential lock: Inter-axle
- Suspension: Air- Dump valves

- Brakes: Air
- PTO
- Wet kit
- Truck chassis: 14' 3""
- GVWR: 53,200 lbs- FAWR: 13,200 lbs
- RAWR: 40,000 lbs

- Wheelbase: 206""
Interior- AC, Heat
- Heated mirrors
- Power windows, Power locks
- Cruise control
- Air ride cab
- Auxiliary controls
- Brake controller
Features- Deck plate: Aluminum
- Fifth wheel type: Air operated, Sliding
- Fuel tank: Dual
Tires- Size: 11R22.5
Notes- Windshield chipped or cracked
- Batteries removed
- Oil leak
- Possible power steering issues, leak
- Flat tire
- Possible engine issues, turns over but will not start
- Engine issues, knocks- Unit must be towed or hauled

Repossessed item, stored at a secured facility 
Please review REQUIRED REMOVAL INSTRUCTIONS
Titles will be distributed after confirmation of payment and removal.
West Virginia title
Title distribution may be delayed up to 30 days from verification of funds.",6,105,images/YA1088/YA1088.JPG|images/YA1088/YA1088U.JPG|images/YA1088/YA1088ZP.JPG|images/YA1088/YA1088ZZJ.JPG|images/YA1088/YA1088ZZZE.JPG|images/YA1088/YA1088ZZZZ.JPG,Purple Wave,https://www.purplewave.com/auction/260903/item/YA1088
YA2129,semi_tractor,2021,Peterbilt,579,Truck Tractor,23100.0,21000.0,0.1,2026-09-03,35,Springfield,MO,1XPBDP9X3MD707595,545063,14080,Windshield chipped or cracked,12.9L,Diesel,,Tandem,Air- Dump valves,Air,"50,000 lbs",,"2021 Peterbilt 579 semi truck
- Miles: 545,063 on odometer
- Hours: 14,080 on meter
- VIN: 1XPBDP9X3MD707595
- Unit #: 74807235
Engine- Paccar MX-13
- Serial: Y235154
- Displacement: 12.9L
- Cylinders: 6
- Fuel type: Diesel
- HP: 455
- Engine brake
Transmission- Automated manual
Chassis- Axles: Tandem
- Differential lock: Inter-axle
- Suspension: Air- Dump valves

- Brakes: Air
- GVWR: 50,000 lbs
Interior- AC, Heat
- Heated mirrors
- Power windows, Power locks
- Cruise control
- Air ride cab
- Sleeper- Sleeper length: 72""
- Beds: Double bunk
- TV
- Refrigerator

- Auxiliary power unit- Thermo King
- Engine- Yanmar TK270VFM

Features- Deck plate: Aluminum
- Fifth wheel type: Air operated, Sliding
- Fuel tank: Dual
Tires- Size: 275/80R22.5
- Front: 295/75R22.5
Notes- Dash warning indicator: Check engine
- Windshield chipped or cracked
Repossessed item, stored at a secured facility 
Please review REQUIRED REMOVAL INSTRUCTIONS
Titles will be distributed after confirmation of payment and removal.
Indiana title
Title distribution may be delayed up to 30 days from verification of funds.",6,163,images/YA2129/YA2129.JPG|images/YA2129/YA2129ZF.JPG|images/YA2129/YA2129ZZM.JPG|images/YA2129/YA2129ZZZS.JPG|images/YA2129/YA2129ZZZZZ.JPG|images/YA2129/YA2129ZZZZZZF.JPG,Purple Wave,https://www.purplewave.com/auction/260903/item/YA2129
YA4301,semi_tractor,2021,Peterbilt,389,Truck Tractor,39050.0,35500.0,0.1,2026-09-03,42,Moraine,OH,1XPXD49XXMD738170,195173,13115,,15.0L,Diesel,,Tandem,Air- Dump valves,Air,"52,500 lbs- FAWR: 12,500 lbs",,"2021 Peterbilt 389 semi truck
- Miles: 195,173 on odometer
- Hours: 13,115 on meter
- VIN: 1XPXD49XXMD738170
- Unit #: 59077736
Engine- Cummins ISX
- Displacement: 15.0L
- Cylinders: 6
- Fuel type: Diesel
- Engine brake
Transmission- Manual
- Speed: 18
Chassis- Axles: Tandem
- Differential lock: Inter-axle
- Suspension: Air- Dump valves

- Brakes: Air
- GVWR: 52,500 lbs- FAWR: 12,500 lbs
- IAWR: 20,000 lbs
- RAWR: 20,000 lbs

Interior- AC, Heat
- Heated mirrors
- Power windows, Power locks
- Cruise control
- Air ride cab
- Sleeper- Sleeper length: 66""
- Beds: Single
- Rear climate control

Features- Deck plate: Aluminum
- Fifth wheel type: Air operated, Sliding
- Fuel tank: Dual
Tires- Size: 285/75R24.5
Notes- Collision damage
- Driveshaft disconnected
- Parts may be missing
- Windshield chipped or cracked
- Dead battery
- Unknown operating condition- Unit must be towed or hauled

Buyer responsible for all aspects of loadout and removal
Insurance salvage, stored at a secured facility 
Please review REQUIRED REMOVAL INSTRUCTIONS
Titles will be distributed after confirmation of payment and removal.
Ohio salvage title
Mileage has not been verified. Exempt will be written in the odometer disclosure on the title.
Title distribution may be delayed up to 30 days from verification of funds.",6,99,images/YA4301/YA4301.JPG|images/YA4301/YA4301T.JPG|images/YA4301/YA4301ZM.JPG|images/YA4301/YA4301ZZG.JPG|images/YA4301/YA4301ZZZ.JPG|images/YA4301/YA4301ZZZT.JPG,Purple Wave,https://www.purplewave.com/auction/260903/item/YA4301
FC4141,semi_tractor,2021,Freightliner,Cascadia 126,Truck Tractor,19250.0,17500.0,0.1,2026-09-03,40,Oklahoma City,OK,3AKJHLDV9MSMK9790,636886,15659,,12.8L,Diesel,,Tandem,Air- Dump valves,Air,"52,500 lbs- FAWR: 12,500 lbs","180""","2021 Freightliner Cascadia 126 semi truck
- Miles: 636,886 on odometer
- Hours: 15,659 on meter
- VIN: 3AKJHLDV9MSMK9790
- Unit #: 21051
Engine- Detroit Diesel DD13
- Serial: 471928S0772347
- Displacement: 12.8L
- Cylinders: 6
- Fuel type: Diesel
- HP: 450
- Engine brake
Transmission- Detroit DT12-1650-OHL
- Automated manual
Chassis- Axles: Tandem
- Differential lock: Inter-axle
- Suspension: Air- Dump valves

- Brakes: Air
- GVWR: 52,500 lbs- FAWR: 12,500 lbs
- IAWR: 20,000 lbs
- RAWR: 20,000 lbs

- Wheelbase: 180""
Interior- AC, Heat
- Heated mirrors
- Power windows, Power locks
- Cruise control
- Air ride cab
Features- Deck plate: Aluminum
- Fifth wheel type: Fixed
- Fuel tank: Single
Tires- Front: 295/75R22.5
- Rear: 445/50R22.5
Notes- Dash warning indicator: Check engine, ABS, Traction control
- Windshield chipped or cracked
Oklahoma title
Title distribution may be delayed up to 30 days from verification of funds.",6,80,images/FC4141/FC4141.JPG|images/FC4141/FC4141P.JPG|images/FC4141/FC4141ZF.JPG|images/FC4141/FC4141ZU.JPG|images/FC4141/FC4141ZZK.JPG|images/FC4141/FC4141ZZZA.JPG,Purple Wave,https://www.purplewave.com/auction/260903/item/FC4141
YA4148,semi_tractor,2023,Peterbilt,567,Truck Tractor,24750.0,22500.0,0.1,2026-09-03,30,Oklahoma City,OK,1XPCDP9X1PD874921,,,,12.9L,Diesel,,Tandem,Air- Dump valves,Air,"52,500 lbs- FAWR: 12,500 lbs",,"2023 Peterbilt 567 semi truck
- Miles: Unknown
- VIN: 1XPCDP9X1PD874921
- Unit #: 57460636
Engine- Paccar MX-13
- Displacement: 12.9L
- Cylinders: 6
- Fuel type: Diesel
- Engine brake
Transmission- Eaton Fuller
- Manual
- Speed: 10
Chassis- Axles: Tandem
- Differential lock: Inter-axle
- Suspension: Air- Dump valves

- Brakes: Air
- PTO
- GVWR: 52,500 lbs- FAWR: 12,500 lbs
- IAWR: 20,000 lbs
- RAWR: 20,000 lbs

Interior- AC, Heat
- Heated mirrors
- Power windows, Power locks
- Cruise control
- Air ride cab
- Sleeper- Sleeper length: 62""
- Beds: Single
- Refrigerator
- Rear climate control

Features- Deck plate: Aluminum
- Fifth wheel type: Air operated, Sliding
- Fuel tank: Dual
Tires- Size: 11R24.5
Notes- Collision damage
- Non-operational driver door
- Flat tires
- Driveshaft disconnected
- Parts may be missing
- Unknown operating condition- Unit must be towed or hauled

Buyer responsible for all aspects of loadout and removal
Insurance salvage, stored at a secured facility 
Please review REQUIRED REMOVAL INSTRUCTIONS
Titles will be distributed after confirmation of payment and removal.
Nebraska salvage title
Mileage has not been verified. Exempt will be written in the odometer disclosure on the title.
Title distribution may be delayed up to 30 days from verification of funds.",6,147,images/YA4148/YA4148.JPG|images/YA4148/YA4148ZC.JPG|images/YA4148/YA4148ZZF.JPG|images/YA4148/YA4148ZZZJ.JPG|images/YA4148/YA4148ZZZZM.JPG|images/YA4148/YA4148ZZZZZP.JPG,Purple Wave,https://www.purplewave.com/auction/260903/item/YA4148
YA4134,semi_tractor,2021,Freightliner,Cascadia 126,Truck Tractor,24750.0,22500.0,0.1,2026-09-03,47,West Palm Beach,FL,3AKJHHDR3MSMF6334,774598,28558,,14.8L,Diesel,,Tandem,Air- Dump valves,Air,"52,500 lbs- FAWR: 12,350 lbs",,"2021 Freightliner Cascadia 126 semi truck
- Miles: 774,598 on odometer
- Hours: 28,558 on meter
- VIN: 3AKJHHDR3MSMF6334
- Unit #: 60396346
Engine- Detroit Diesel DD15
- Displacement: 14.8L
- Cylinders: 6
- Fuel type: Diesel
- Engine brake
Transmission- Automated manual
Chassis- Axles: Tandem
- Gear ratio: 2.15
- Differential lock: Inter-axle
- Suspension: Air- Dump valves

- Brakes: Air
- GVWR: 52,500 lbs- FAWR: 12,350 lbs
- IAWR: 20,000 lbs
- RAWR: 20,000 lbs

Interior- AC, Heat
- Heated mirrors
- Power windows, Power locks
- Cruise control
- Air ride cab
- Sleeper- Sleeper length: 70""
- Beds: Double bunk
- Refrigerator
- Microwave
- Rear climate control

Features- Deck plate: Aluminum
- Fifth wheel type: Air operated, Sliding
- Fuel tank: Dual
Tires- Size: 295/75R22.5
Notes- Dash warning indicator: Check engine, ATS electrical system problem
- Windshield chipped or cracked
- Jump start required during on-site data collection
Repossessed item, stored at a secured facility 
Please review REQUIRED REMOVAL INSTRUCTIONS
Titles will be distributed after confirmation of payment and removal.
Minnesota title
Title distribution may be delayed up to 30 days from verification of funds.",6,100,images/YA4134/YA4134.JPG|images/YA4134/YA4134T.JPG|images/YA4134/YA4134ZN.JPG|images/YA4134/YA4134ZZG.JPG|images/YA4134/YA4134ZZZA.JPG|images/YA4134/YA4134ZZZU.JPG,Purple Wave,https://www.purplewave.com/auction/260903/item/YA4134
EX4105,semi_tractor,2018,Kenworth,T680,Truck Tractor,19250.0,17500.0,0.1,2026-09-03,14,Valley Center,KS,1XKYDP9XXJJ208273,857615,18754,,12.9L,Diesel,,Tandem,Air- Dump valves,Air,"53,200 lbs- FAWR: 13,200 lbs",,"2018 Kenworth T680 semi truck
- Miles: 857,615 on odometer
- Hours: 18,754 on meter
- VIN: 1XKYDP9XXJJ208273
Engine- Paccar MX-13
- Serial: Y144394
- Displacement: 12.9L
- Cylinders: 6
- Fuel type: Diesel
- HP: 405
- Engine brake
Transmission- Automatic
Chassis- Axles: Tandem
- Gear ratio: 2.85
- Differential lock: Inter-axle
- Suspension: Air- Dump valves

- Brakes: Air
- GVWR: 53,200 lbs- FAWR: 13,200 lbs
- IAWR: 20,000 lbs
- RAWR: 20,000 lbs

Interior- AC, Heat
- Heated mirrors
- Power windows, Power locks
- Cruise control
- Air ride cab
- Sleeper- Sleeper length: 70""
- Beds: Single
- Refrigerator
- Rear climate control

- Auxiliary power unit- Carrier ComfortPro
- Engine- Kubota Z482-E2B-TFX1,

Features- Deck plate: Aluminum
- Fifth wheel type: Air operated, Sliding
- Fuel tank: Dual
Tires- Size: 295/75R22.5
Notes- Decals will be removed prior auction
- Windshield chipped or cracked
- Refrigerator handle damaged
- Unknown operating condition of APU
Kansas title
Title distribution may be delayed up to 30 days from verification of funds.",6,77,images/EX4105/EX4105.JPG|images/EX4105/EX4105O.JPG|images/EX4105/EX4105ZD.JPG|images/EX4105/EX4105ZT.JPG|images/EX4105/EX4105ZZI.JPG|images/EX4105/EX4105ZZX.JPG,Purple Wave,https://www.purplewave.com/auction/260903/item/EX4105
YA4048,semi_tractor,2021,Western Star,4900,Truck Tractor,13750.0,12500.0,0.1,2026-09-03,33,Grantville,PA,5KJJAEDR3MPMS9916,406758,,,14.8L,Diesel,,Tandem,Air- Dump valves,Air,"52,500 lbs- FAWR: 12,000 lbs",,"2021 Western Star 4900 semi truck
- Miles: 406,758 on odometer
- VIN: 5KJJAEDR3MPMS9916
- Unit #: 58414486
Engine- Detroit Diesel DD15
- Displacement: 14.8L
- Cylinders: 6
- Fuel type: Diesel
- HP: 505
- Engine brake
Transmission- Eaton Fuller
- Manual
- Speed: 10
Chassis- Axles: Tandem
- Differential lock: Full
- Suspension: Air- Dump valves

- Brakes: Air
- PTO
- Wet kit
- GVWR: 52,500 lbs- FAWR: 12,000 lbs
- IAWR: 20,000 lbs
- RAWR: 20,000 lbs

Interior- AC, Heat
- Heated mirrors
- Power windows, Power locks
- Cruise control
- Air ride cab
Features- Deck plate: Aluminum
- Fifth wheel type: Air operated, Sliding
- Fuel tank: Dual
Tires- Size: 11R22.5
Notes- Collision damage
- Oil leak
- Non-operational passenger door
- Dash warning indicator: ABS, Traction control
- Jump start required during on-site data collection
Buyer responsible for all aspects of loadout and removal
Insurance salvage, stored at a secured facility 
Please review REQUIRED REMOVAL INSTRUCTIONS
Titles will be distributed after confirmation of payment and removal.
Pennsylvania salvage title
Title distribution may be delayed up to 30 days from verification of funds.",6,81,images/YA4048/YA4048.JPG|images/YA4048/YA4048P.JPG|images/YA4048/YA4048ZF.JPG|images/YA4048/YA4048ZV.JPG|images/YA4048/YA4048ZZL.JPG|images/YA4048/YA4048ZZZB.JPG,Purple Wave,https://www.purplewave.com/auction/260903/item/YA4048
EA0382,semi_tractor,2005,Mack,Vision CXN613,Truck Tractor,16500.0,15000.0,0.1,2026-09-03,33,Montevideo,MN,1M1AK06Y55N001196,277398,12084,,12.0L,Diesel,,Tandem,Air- Dump valves,Air,,,"2005 Mack Vision CXN613 semi truck
- Miles: 277,398 on odometer
- Hours: 12,084 on meter
- VIN: 1M1AK06Y55N001196
Engine- Mack
- Displacement: 12.0L
- Cylinders: 6
- Fuel type: Diesel
- HP: 380
Transmission- Eaton Fuller
- Manual
- Speed: 10
Chassis- Axles: Tandem
- Differential lock: Inter-axle
- Suspension: Air- Dump valves

- Brakes: Air
- PTO
- Wet kit
Interior- AC, Heat
- Heated mirrors
- Cruise control
- Air ride cab
Features- Deck plate: Aluminum
- Fifth wheel type: Fixed
- Fuel tank: Single
Tires- Size: 285/75R24.5
Minnesota title
Title distribution may be delayed up to 14 days from verification of funds.",6,97,images/EA0382/EA0382.JPG|images/EA0382/EA0382S.JPG|images/EA0382/EA0382ZL.JPG|images/EA0382/EA0382ZZF.JPG|images/EA0382/EA0382ZZY.JPG|images/EA0382/EA0382ZZZR.JPG,Purple Wave,https://www.purplewave.com/auction/260903/item/EA0382
EX4107,semi_tractor,2019,Freightliner,Cascadia,Truck Tractor,38500.0,35000.0,0.1,2026-09-03,26,Valley Center,KS,1FUJHHDR3KLKN7653,688640,18728,,14.8L,Diesel,,Tandem,Air- Dump valves,Air,"52,000 lbs- FAWR: 12,000 lbs",,"2019 Freightliner Cascadia semi truck
- Miles: 688,640 on odometer
- Hours: 18,728 on meter
- VIN: 1FUJHHDR3KLKN7653
Engine- Detroit Diesel DD15
- Displacement: 14.8L
- Cylinders: 6
- Fuel type: Diesel
- Engine brake
Transmission- Automated manual
Chassis- Axles: Tandem
- Differential lock: Inter-axle
- Suspension: Air- Dump valves

- Brakes: Air
- GVWR: 52,000 lbs- FAWR: 12,000 lbs
- IAWR: 20,000 lbs
- RAWR: 20,000 lbs

Interior- AC, Heat
- Heated mirrors
- Power windows
- Cruise control
- Air ride cab
- Brake controller
- Sleeper- Sleeper length: 70""
- Beds: Double bunk
- Rear climate control

- Auxiliary power unit- Carrier ComfortPro
- Engine- Kubota Z482-E2B-TFX1

Features- Deck plate: Aluminum
- Fifth wheel type: Air operated, Sliding
- Fuel tank: Dual
Tires- Size: 295/75R22.5
Notes- Decals will be removed prior to auction
- Battery may need replaced
- Dash warning indicator: HSA
- Windshield chipped or cracked
Kansas title
Title distribution may be delayed up to 30 days from verification of funds.",6,79,images/EX4107/EX4107.JPG|images/EX4107/EX4107P.JPG|images/EX4107/EX4107ZE.JPG|images/EX4107/EX4107ZU.JPG|images/EX4107/EX4107ZZJ.JPG|images/EX4107/EX4107ZZZ.JPG,Purple Wave,https://www.purplewave.com/auction/260903/item/EX4107
EX4106,semi_tractor,2020,Freightliner,Cascadia,Truck Tractor,29700.0,27000.0,0.1,2026-09-03,55,Valley Center,KS,3AKJHHDR6LSLJ2604,794309,17526,,14.8L,Diesel,,Tandem,Air- Dump valves,Air,"52,500 lbs- FAWR: 12,500 lbs",,"2020 Freightliner Cascadia semi truck
- Miles: 794,309 on odometer
- Hours: 17,526 on meter
- VIN: 3AKJHHDR6LSLJ2604
Engine- Detroit Diesel DD15
- Displacement: 14.8L
- Cylinders: 6
- Fuel type: Diesel
- Engine brake
Transmission- Automated manual
Chassis- Axles: Tandem
- Differential lock: Inter-axle
- Suspension: Air- Dump valves

- Brakes: Air
- GVWR: 52,500 lbs- FAWR: 12,500 lbs
- IAWR: 20,000 lbs
- RAWR: 20,000 lbs

Interior- AC, Heat
- Heated mirrors
- Power windows, Power locks
- Cruise control
- Air ride cab
- Brake controller
- Sleeper- Sleeper length: 70""
- Beds: Double bunk
- Rear climate control

- Auxiliary power unit- Carrier Comfort Pro
- Engine- Kubota

Features- Deck plate: Aluminum
- Fifth wheel type: Air operated, Sliding
- Fuel tank: Dual
Tires- Size: 295/75R22.5
Notes- Decals will be removed prior auctions
- Windshield chipped or cracked
Kansas title
Title distribution may be delayed up to 30 days from verification of funds.",6,74,images/EX4106/EX4106.JPG|images/EX4106/EX4106O.JPG|images/EX4106/EX4106ZC.JPG|images/EX4106/EX4106ZR.JPG|images/EX4106/EX4106ZZF.JPG|images/EX4106/EX4106ZZU.JPG,Purple Wave,https://www.purplewave.com/auction/260903/item/EX4106
YA4208,semi_tractor,2017,Mack,CXU613,Truck Tractor,6930.0,6300.0,0.1,2026-09-03,35,Jacksonville,FL,1M1AW02Y7HM083422,745691,,,10.8L,Diesel,,Tandem,Air- Dump valves,Air,"53,200 lbs- FAWR: 13,200 lbs",,"2017 Mack CXU613 semi truck
- Miles: 745,691 on odometer
- VIN: 1M1AW02Y7HM083422
- Unit #: 61563046
Engine- Mack MP7-405SE
- Serial: 586342
- Displacement: 10.8L
- Cylinders: 6
- Fuel type: Diesel
- Engine brake
Transmission- mDrive
- Automated manual
Chassis- Axles: Tandem
- Differential lock: Inter-axle
- Suspension: Air- Dump valves

- Brakes: Air
- GVWR: 53,200 lbs- FAWR: 13,200 lbs
- IAWR: 20,000 lbs
- RAWR: 20,000 lbs

Interior- AC, Heat
- Heated mirrors
- Power windows, Power locks
- Cruise control
- Air ride cab
Features- Deck plate: Aluminum
- Fifth wheel type: Fixed
- Fuel tank: Single
Tires- Front: 11R22.5
- Rear: 455/55R22.5
Notes- Dash warning indicator: Electrical fault
Fleet inventory reduction, stored at a secured facility 
Please review REQUIRED REMOVAL INSTRUCTIONS
Seller is a Florida licensed motor vehicle dealer. The buyer may be required to pay sales tax and/or registration fees to the dealer prior to taking possession.
Titles will be distributed after confirmation of payment and removal.
Florida title
Title distribution may be delayed up to 30 days from verification of funds.",6,64,images/YA4208/YA4208.JPG|images/YA4208/YA4208M.JPG|images/YA4208/YA4208Y.JPG|images/YA4208/YA4208ZL.JPG|images/YA4208/YA4208ZX.JPG|images/YA4208/YA4208ZZK.JPG,Purple Wave,https://www.purplewave.com/auction/260903/item/YA4208
EA0431,semi_tractor,1990,Kenworth,K 100E,Truck Tractor,18150.0,16500.0,0.1,2026-09-03,31,Laurel,NE,1XKEDB9X2LJ377440,894962,,,14.6L,Diesel,,Tandem,Spring,Air,,,"1990 Kenworth K 100E semi truck
- Miles: 894,962 on odometer
- VIN: 1XKEDB9X2LJ377440
Engine- Caterpillar 3406B
- Serial: 4MG83604
- Displacement: 14.6L
- Cylinders: 6
- Fuel type: Diesel
Transmission- Eaton Fuller
- Manual
Chassis- Axles: Tandem
- Differential lock: Inter-axle
- Suspension: Spring
- Brakes: Air
Interior- Heat
- Air ride cab
- Sleeper- Sleeper length: 64""
- Beds: Single

Features- Deck plate: Aluminum
- Fifth wheel type: Air operated, Sliding
- Fuel tank: Dual
Tires- Front: 285/75R24.5
- Rear: 275/80R24.5
Nebraska title
Title distribution may be delayed up to 14 days from verification of funds.",6,110,images/EA0431/EA0431.JPG|images/EA0431/EA0431V.JPG|images/EA0431/EA0431ZR.JPG|images/EA0431/EA0431ZZM.JPG|images/EA0431/EA0431ZZZI.JPG|images/EA0431/EA0431ZZZZE.JPG,Purple Wave,https://www.purplewave.com/auction/260903/item/EA0431
ER3217,semi_tractor,2013,Freightliner,Columbia,Truck Tractor,14300.0,13000.0,0.1,2026-09-03,35,Perryville,MO,1FVXA7CG0DDBV8762,908591,25350,,12.7L,Diesel,,Tandem,Air- Dump valves,Air,,,"2013 Freightliner Columbia semi truck
- Miles: 908,591 on odometer
- Hours: 25,350 on meter
- VIN: 1FVXA7CG0DDBV8762
- Unit #: 264
Engine- Detroit Diesel Series 60
- Displacement: 12.7L
- Cylinders: 6
- Fuel type: Diesel
- Engine brake
Transmission- Eaton Fuller
- Manual
- Speed: 10
Chassis- Axles: Tandem
- Differential lock: Inter-axle
- Suspension: Air- Dump valves

- Brakes: Air
Interior- AC, Heat
- Heated mirrors
- Power windows
- Cruise control
- Air ride cab
- Brake controller
Features- Deck plate: Aluminum
- Fifth wheel type: Air operated, Sliding
- Fuel tank: Dual
Tires- Size: 11R22.5
Missouri specially constructed motor vehicle title
Title distribution may be delayed up to 14 days from verification of funds.",6,89,images/ER3217/ER3217.JPG|images/ER3217/ER3217R.JPG|images/ER3217/ER3217ZI.JPG|images/ER3217/ER3217ZZA.JPG|images/ER3217/ER3217ZZR.JPG|images/ER3217/ER3217ZZZJ.JPG,Purple Wave,https://www.purplewave.com/auction/260903/item/ER3217
FC4081,semi_tractor,2015,Volvo,VHD,Truck Tractor,23100.0,21000.0,0.1,2026-09-03,25,Edmond,OK,4V4KC9EH2FN909005,423337,17019,,12.8L,Diesel,,Tandem,Air- Dump valves,Air,"60,320 lbs- FAWR: 14,320 lbs",,"2015 Volvo VHD semi truck
- Miles: 423,337 on odometer
- Hours: 17,019 on meter
- VIN: 4V4KC9EH2FN909005
- Unit #: 122.317
Engine- Volvo D13
- Serial: 1062656
- Displacement: 12.8L
- Cylinders: 6
- Fuel type: Diesel
- HP: 455
- Engine brake
Transmission- Volvo ATO2612D
- Automated manual
Chassis- Axles: Tandem
- Differential lock: Full
- Suspension: Air- Dump valves

- Brakes: Air
- GVWR: 60,320 lbs- FAWR: 14,320 lbs
- RAWR: 23,000 lbs

Interior- AC, Heat
- Heated mirrors
- Power windows
- Cruise control
- Air ride cab
Features- Deck plate: Aluminum
- Fifth wheel type: Air operated, Sliding
- Fuel tank: Dual
Tires- Size: 11R24.5
Notes- Windshield chipped or cracked
Oklahoma title
Title distribution may be delayed up to 30 days from verification of funds.",6,102,images/FC4081/FC4081.JPG|images/FC4081/FC4081T.JPG|images/FC4081/FC4081ZN.JPG|images/FC4081/FC4081ZZI.JPG|images/FC4081/FC4081ZZZC.JPG|images/FC4081/FC4081ZZZW.JPG,Purple Wave,https://www.purplewave.com/auction/260903/item/FC4081
YA2662,semi_tractor,2020,International,LT625,Truck Tractor,14300.0,13000.0,0.1,2026-09-03,35,Davison,MI,3HSDZAPR7LN871255,605759,14138,,14.99L,Diesel,Jump start required during on-site data collection,Tandem,Air- Dump valves,Air,"53,200 lbs- FAWR: 13,200 lbs",,"2020 International LT625 semi truck
- Miles: 605,759 on odometer
- Hours: 14,138 on meter
- VIN: 3HSDZAPR7LN871255
- Unit #: 52528446
Engine- Cummins X15
- Serial: 80227110
- Displacement: 14.99L
- Cylinders: 6
- Fuel type: Diesel
- Engine brake
Transmission- Automated manual
Chassis- Axles: Tandem
- Differential lock: Inter-axle
- Suspension: Air- Dump valves

- Brakes: Air
- GVWR: 53,200 lbs- FAWR: 13,200 lbs
- IAWR: 20,000 lbs
- RAWR: 20,000 lbs

Interior- AC, Heat
- Heated mirrors
- Power windows, Power locks
- Cruise control
- Air ride cab
- Brake controller
- Sleeper- Sleeper length: 69""
- Beds: Double bunk
- Refrigerator
- Microwave
- Rear climate control

- Auxiliary power unit- ThermoKing TriPac Evolution
- Engine- ThermoKing TK270VFM

Features- Deck plate: Aluminum
- Fifth wheel type: Air operated, Sliding
- Fuel tank: Dual
Tires- Size: 295/75R22.5
Notes- Dash warning indicator: Check engine, Water in fuel, Transmission
- Jump start required during on-site data collection
Repossessed item, stored at a Copart facility 
Please review REQUIRED REMOVAL INSTRUCTIONS
Lender owned. Item condition and history are unknown. No additional information is available.
Titles will be distributed after confirmation of payment and removal.
Michigan title
Title distribution may be delayed up to 30 days from verification of funds.",6,160,images/YA2662/YA2662.JPG|images/YA2662/YA2662ZF.JPG|images/YA2662/YA2662ZZL.JPG|images/YA2662/YA2662ZZZQ.JPG|images/YA2662/YA2662ZZZZW.JPG|images/YA2662/YA2662ZZZZZZC.JPG,Purple Wave,https://www.purplewave.com/auction/260903/item/YA2662
OE9674,semi_tractor,2008,Mack,GU,Truck Tractor,16500.0,15000.0,0.1,2026-09-03,45,Ottumwa,IA,1M1AX07Y08M003075,365665,14235,,12.7L,Diesel,,Tandem,Air- Dump valves,Air,"52,320 lbs- FAWR: 14,320 lbs",,"2008 Mack GU semi truck
- Miles: 365,665 on odometer
- Hours: 14,235 on meter
- VIN: 1M1AX07Y08M003075
Engine- Mack MP8-485M
- Serial: 906292
- Displacement: 12.7L
- Cylinders: 6
- Fuel type: Diesel
- Engine brake
Transmission- Mack Maxitorque ES
- Manual
- Speed: 13
Chassis- Axles: Tandem
- Differential lock: Inter-axle
- Suspension: Air- Dump valves

- Brakes: Air
- PTO
- Wet kit
- Truck chassis: 200""
- GVWR: 52,320 lbs- FAWR: 14,320 lbs
- IAWR: 19,000 lbs
- RAWR: 19,000 lbs

Interior- AC, Heat
- Heated mirrors
- Cruise control
- Air ride cab
Features- Deck plate: Aluminum
- Fifth wheel type: Air operated, Sliding
- Fuel tank: Dual
Tires- Size: 11R22.5
Notes- Dash warning indicator: Fault code
Iowa title
Title distribution may be delayed up to 14 days from verification of funds.",6,78,images/OE9674/OE9674.JPG|images/OE9674/OE9674O.JPG|images/OE9674/OE9674ZE.JPG|images/OE9674/OE9674ZT.JPG|images/OE9674/OE9674ZZJ.JPG|images/OE9674/OE9674ZZY.JPG,Purple Wave,https://www.purplewave.com/auction/260903/item/OE9674
